"id","temperature","humidity","wet_temp","dew","hd","vpd","update_time"
463997,"20.50","74.38",17.494049072265625,15.791072999982607,4.560561757500002,0.6175284236872358,"00:00"
464000,"20.44","72.20",17.167205810546875,15.269333309413252,4.931179699838722,0.6675874364388793,"00:01"
464003,"20.34","73.66",17.257461547851562,15.48489913089382,4.644781012233697,0.6286615421762296,"00:02"
464006,"20.25","74.39",17.264938354492188,15.55195269545396,4.49217647125,0.607843660091006,"00:03"
464008,"20.19","74.41",17.212066650390625,15.498162613648404,4.472825829018216,0.6051123628733712,"00:04"
464012,"20.17","74.75",17.235565185546875,15.550202019195922,4.408198236009202,0.596300071413998,"00:05"
464015,"20.14","74.22",17.14263916015625,15.410071881364045,4.492774072051553,0.6077372844991544,"00:06"
464018,"20.10","74.96",17.196578979492188,15.526145852790235,4.353531438064001,0.5888174393336957,"00:07"
464021,"20.08","75.07",17.191638946533203,15.529815106483772,4.329297125136577,0.5854862670459298,"00:08"
464024,"20.05","75.18",17.177352905273438,15.523644543291892,4.3025745799839985,0.5818436829339205,"00:09"
464027,"20.01","74.95",17.11233139038086,15.437263614079157,4.33220997654168,0.5857688521663782,"00:10"
464029,"19.96","74.94",17.06493377685547,15.3868676965059,4.321170585294977,0.5842077738333241,"00:11"
464033,"19.88","75.49",17.05799102783203,15.423624147353134,4.206419486851393,0.568522995684632,"00:12"
464036,"19.79","75.88",17.021942138671875,15.416947669696428,4.117541116556449,0.5563584505951393,"00:13"
464039,"19.74","75.84",16.970672607421875,15.360164825471587,4.112202255674621,0.5555922521380474,"00:14"
464042,"19.68","75.77",16.90685272216797,15.288083001904782,4.109516471778496,0.5550774776661414,"00:15"
464045,"19.64","75.76",16.86840057373047,15.246989395752362,4.101500861462016,0.5539572863444491,"00:16"
464048,"19.58","76.58",16.911392211914062,15.356801242700618,3.9487164579589447,0.5332333536074177,"00:17"
464050,"19.55","76.57",16.882286071777344,15.325637271215838,3.9433976939610016,0.532440037850509,"00:18"
464054,"19.52","76.39",16.8328857421875,15.259938520236831,3.9666453405655684,0.5355526974713719,"00:19"
464057,"19.52","76.36",16.829280853271484,15.25380027757529,3.9716855506552324,0.5362360643792915,"00:20"
464060,"19.47","76.64",16.816329956054688,15.262361962883835,3.913047156107007,0.5282521741495646,"00:21"
464063,"19.41","76.71",16.769065856933594,15.218681195509555,3.8874880580378246,0.5246657142113651,"00:22"
464066,"19.34","76.98",16.73595428466797,15.205272719391685,3.8265240322850875,0.5163650095220511,"00:23"
464069,"19.25","77.16",16.673603057861328,15.15444994298742,3.7764112799999996,0.5094587679753413,"00:24"
464072,"19.16","77.51",16.631145477294922,15.137595423052362,3.6987544719565424,0.49884530859840054,"00:25"
464075,"19.10","77.64",16.590423583984375,15.105275665478382,3.664311825096,0.49411296746249744,"00:26"
464078,"19.07","78.01",16.605911254882812,15.150114913716905,3.5972692413077514,0.48504359797912355,"00:27"
464081,"19.04","78.39",16.622467041015625,15.196667663648505,3.5288194596109435,0.4757508094872215,"00:28"
464084,"19.04","78.23",16.603775024414062,15.164950129700077,3.5549467670398087,0.479266748646711,"00:29"
464087,"19.05","78.34",16.625938415527344,15.196414048686364,3.539083590371998,0.47715636119410937,"00:30"
464090,"19.04","78.28",16.609649658203125,15.174922296892868,3.546781983468289,0.478161997854022,"00:31"
464093,"19.02","78.11",16.57093048095703,15.121470412950213,3.5703023822324322,0.4813237423879819,"00:32"
464096,"18.99","78.13",16.54529571533203,15.096395432142081,3.560694874017768,0.4799688787181136,"00:33"
464099,"18.97","78.30",16.546630859375,15.111011249386749,3.52882506202576,0.4756107249366096,"00:34"
464102,"18.91","78.11",16.46839141845703,15.01499296539869,3.5470643193473848,0.47802145390152295,"00:35"
464105,"18.86","78.10",16.42059326171875,14.964563561406582,3.538162474043041,0.47669725458616413,"00:36"
464108,"18.84","78.35",16.431007385253906,14.994748019015475,3.49361946143776,0.47069089641704026,"00:37"
464111,"18.83","78.72",16.46465301513672,15.058198254246731,3.431873881408894,0.46235686459655945,"00:38"
464114,"18.82","78.91",16.477203369140625,15.085700403726047,3.3992120645332324,0.4579660322091829,"00:39"
464117,"18.81","79.05",16.484146118164062,15.10365839813293,3.37464175979672,0.4546248867070567,"00:40"
464120,"18.76","78.53",16.37706756591797,14.952575885412465,3.448143434979391,0.46446616715906686,"00:41"
464123,"18.72","78.78",16.36852264404297,14.962910414935962,3.399899673458817,0.4579166772085433,"00:42"
464126,"18.68","78.94",16.349563598632812,14.955519041318315,3.3662494979493136,0.4533194421697949,"00:43"
464129,"18.64","79.41",16.36638641357422,15.00898146756395,3.2833052687186584,0.44209187752290263,"00:44"
464132,"18.60","78.98",16.279335021972656,14.885758752000944,3.3439084661919978,0.4502163374557,"00:45"
464135,"18.56","78.46",16.181869506835938,14.744308346775343,3.418486670219904,0.4602039238566764,"00:46"
464138,"18.56","79.22",16.269454956054688,14.893906329699252,3.297871541651327,0.44395706227920434,"00:47"
464141,"18.57","79.23",16.280136108398438,14.905856364112203,3.298246264106096,0.44396790091514016,"00:48"
464144,"18.56","79.50",16.30176544189453,14.948894066740852,3.2534343890208,0.4379504703844013,"00:49"
464147,"18.57","79.34",16.292686462402344,14.927221663650727,3.280778421590366,0.4416347036805803,"00:50"
464150,"18.56","79.45",16.29589080810547,14.93890423077752,3.261369594847679,0.4390431035011826,"00:51"
464153,"18.57","79.45",16.30523681640625,14.948570863466887,3.2633105790746395,0.43930044030599474,"00:52"
464156,"18.55","79.87",16.33474349975586,15.011113180778995,3.192813577040999,0.42979047686039706,"00:53"
464159,"18.53","80.14",16.346893310546875,15.04410417463983,3.1462423863937925,0.4234854241713311,"00:54"
464162,"18.52","80.28",16.35356903076172,15.061597081675776,3.1222048641487365,0.42022164436137077,"00:55"
464165,"18.49","79.99",16.292152404785156,14.97611048569135,3.1624680319220655,0.4256268698180321,"00:56"
464168,"18.48","79.96",16.279335021972656,14.9605729646462,3.16532470560845,0.4259660056798822,"00:57"
464171,"18.47","80.21",16.298561096191406,14.999404128378133,3.1239769803315127,0.4204020960009327,"00:58"
464174,"18.47","80.97",16.38507843017578,15.145692823221742,3.0040061614809836,0.4042847742061969,"00:59"
464177,"18.48","81.11",16.410446166992188,15.182300831987394,2.983681820805568,0.40153865122844684,"01:00"
464180,"18.49","81.36",16.4483642578125,15.239982471366421,2.9459472321352944,0.3964961966745914,"01:01"
464183,"18.50","81.53",16.477203369140625,15.282322912489834,2.9208176332499995,0.3930908454899182,"01:02"
464186,"18.48","81.64",16.470794677734375,15.283783639769585,2.899968143461633,0.390255827123843,"01:03"
464189,"18.49","81.98",16.51885986328125,15.35827149941954,2.8479597169033255,0.38329563661745497,"01:04"
464192,"18.49","81.39",16.45183563232422,15.245818722989924,2.9412059007531024,0.3958469631746581,"01:05"
464195,"18.48","81.53",16.45824432373047,15.262708348319128,2.917342680268863,0.3926042999868603,"01:06"
464198,"18.53","81.54",16.506576538085938,15.313312578485665,2.9244528928917113,0.39364654670619464,"01:07"
464201,"18.54","81.85",16.551437377929688,15.382415320201158,2.877053889095759,0.3872531070767543,"01:08"
464204,"18.56","81.77",16.56118392944336,15.386582254669563,2.893176044480448,0.3894668477876834,"01:09"
464207,"18.54","81.65",16.528606414794922,15.34416653888801,2.908756962253836,0.39153700629062343,"01:10"
464210,"18.54","81.43",16.503639221191406,15.302280683538596,2.943630342727726,0.39621765476912324,"01:11"
464213,"18.51","80.50",16.36932373046875,15.094427071357405,3.0855361175651996,0.4152925167774558,"01:12"
464216,"18.51","80.70",16.39202117919922,15.132769860046249,3.0538895932824808,0.4110582908045032,"01:13"
464219,"18.50","80.70",16.382675170898438,15.12315398225404,3.0520725674999998,0.4107569231443261,"01:14"
464222,"18.51","81.28",16.45824432373047,15.244347623114708,2.962114672862592,0.39868427861775224,"01:15"
464225,"18.52","80.87",16.420860290527344,15.175267583715936,3.0287920411341425,0.4076654653591625,"01:16"
464228,"18.54","80.54",16.402034759521484,15.131192064632337,3.084709018281181,0.41522173954400865,"01:17"
464231,"18.55","80.40",16.395492553710938,15.11397348457469,3.1087504277200004,0.41846429969062837,"01:18"
464234,"18.55","80.57",16.41498565673828,15.146900727587647,3.0817867760510023,0.4148246501867945,"01:19"
464237,"18.57","80.52",16.428070068359375,15.15667829761639,3.093396110967106,0.41639804843087413,"01:20"
464240,"18.58","80.91",16.482009887695312,15.241463769192931,3.033268726978287,0.40835906803954,"01:21"
464243,"18.61","80.92",16.511383056640625,15.272531961107447,3.0370949734625263,0.40890467771006167,"01:22"
464246,"18.61","81.17",16.539955139160156,15.32055317265549,2.9973007521121247,0.40354650140194154,"01:23"
464249,"18.60","81.67",16.587486267089844,15.406331337837404,2.915977268567998,0.39262165076966016,"01:24"
464252,"18.57","82.08",16.605911254882812,15.455324971441481,2.845670344380416,0.3830570956019688,"01:25"
464255,"18.56","82.46",16.639556884765625,15.51751123099911,2.783670204069505,0.37472898254633724,"01:26"
464258,"18.53","82.46",16.61111831665039,15.488201939290057,2.7787055114474892,0.3740172210748412,"01:27"
464261,"18.52","82.40",16.594829559326172,15.46707062917644,2.7865520085708795,0.37506061904829624,"01:28"
464264,"18.52","82.48",16.60390853881836,15.482218255596417,2.773885863077375,0.37335337176959343,"01:29"
464267,"18.56","82.49",16.643028259277344,15.523296794293199,2.778909080573376,0.3740752219690247,"01:30"
464270,"18.57","82.66",16.671733856201172,15.565080833364556,2.7535671747520336,0.37066195453498735,"01:31"
464273,"18.58","82.72",16.68802261352539,15.586170623341625,2.745672268317696,0.36964074855116386,"01:32"
464276,"18.59","83.11",16.741695404052734,15.669328887265195,2.6853009834530166,0.3615029937820598,"01:33"
464279,"18.61","83.28",16.780014038085938,15.720899368467283,2.661437523914751,0.35830629708735096,"01:34"
464282,"18.61","83.75",16.833152770996094,15.808779061917676,2.5866243877759985,0.3482382736926901,"01:35"
464285,"18.64","83.81",16.86840057373047,15.849172522098948,2.5816761680696967,0.3476319336150141,"01:36"
464288,"18.66","83.84",16.890830993652344,15.874330513535853,2.5799590402024926,0.3474026145404469,"01:37"
464291,"18.66","84.06",16.915664672851562,15.915244455186192,2.5448358354472624,0.3426808740441459,"01:38"
464294,"18.69","84.18",16.957855224609375,15.966985903997422,2.5301870723319677,0.3407703114843521,"01:39"
464297,"18.71","84.29",16.989364624023438,16.00701070204387,2.515583468400216,0.3388303804020644,"01:40"
464300,"18.73","84.35",17.01526641845703,16.037803823263168,2.5089570387672797,0.33793008672944075,"01:41"
464303,"18.74","84.55",17.047576904296875,16.084934969794304,2.478366403112881,0.33379387569396285,"01:42"
464306,"18.77","84.80",17.104454040527344,16.16053732898614,2.44261471858176,0.3289962555234435,"01:43"
464309,"18.77","85.08",17.135963439941406,16.21201224554682,2.397619184292097,0.3229576466017381,"01:44"
464312,"18.78","85.13",17.15118408203125,16.23104931676059,2.391004749757265,0.3221043285736581,"01:45"
464315,"18.82","85.14",17.190704345703125,16.272332079375413,2.3950825641993294,0.32265249730027784,"01:46"
464318,"18.84","85.12",17.20752716064453,16.288185957396422,2.401157394281471,0.3235053714928277,"01:47"
464321,"18.85","85.10",17.214736938476562,16.29415595582766,2.405813474840002,0.3241632850465471,"01:48"
464324,"18.86","85.24",17.24010467529297,16.329696343693396,2.3846245715468157,0.3213003608034374,"01:49"
464327,"18.87","85.24",17.249717712402344,16.339577317167016,2.38604138865821,0.3215227063329472,"01:50"
464330,"18.86","85.29",17.245712280273438,16.338822150556275,2.3765465750307353,0.3202208779588084,"01:51"
464333,"18.87","85.43",17.27121353149414,16.37453733194457,2.355326763736455,0.31738203398948245,"01:52"
464336,"18.87","85.46",17.274551391601562,16.379962244887803,2.350477086117232,0.316738778920687,"01:53"
464339,"18.86","85.48",17.26734161376953,16.37399563392522,2.3458501882696314,0.3160550736707911,"01:54"
464342,"18.88","85.65",17.305660247802734,16.424740750128798,2.3211406630115192,0.3127590637834441,"01:55"
464345,"18.86","85.73",17.295513153076172,16.419746154778917,2.305460205689231,0.31062427313718394,"01:56"
464348,"18.83","85.83",17.27802276611328,16.408579670488358,2.285228049791545,0.30789117149072603,"01:57"
464351,"18.81","85.91",17.26787567138672,16.403596608298173,2.2696277993095837,0.3057619378206482,"01:58"
464354,"18.81","85.91",17.26787567138672,16.403596608298173,2.2696277993095837,0.3057619378206482,"01:59"
464357,"18.82","85.97",17.284164428710938,16.42428075968689,2.2613060818113446,0.3046644371005204,"02:00"
464360,"18.82","85.99",17.28656768798828,16.42817786384745,2.2580825521152494,0.30420107160053433,"02:01"
464363,"18.82","85.97",17.284164428710938,16.42428075968689,2.2613060818113446,0.3046644371005204,"02:02"
464366,"18.84","85.94",17.300052642822266,16.438577338191482,2.2688355486288643,0.305686626659028,"02:03"
464369,"18.84","85.92",17.29778289794922,16.434897100528406,2.2720629107179526,0.3061244642532529,"02:04"
464372,"18.84","85.97",17.303390502929688,16.44398863311217,2.2639945054952317,0.30504268145578306,"02:05"
464375,"18.87","86.06",17.342376708984375,16.489984455391326,2.2534835337327515,0.3036507198211769,"02:06"
464378,"18.88","85.98",17.342910766601562,16.485133773657797,2.267762515360383,0.3055667832719212,"02:07"
464381,"18.88","86.06",17.35198974609375,16.499834846490067,2.2548223583540477,0.30381233182153194,"02:08"
464384,"18.91","85.90",17.3626708984375,16.49999417286995,2.2847696163909585,0.3079190438367547,"02:09"
464387,"18.91","85.93",17.36614227294922,16.505615364885518,2.2799084044411924,0.30724781354875785,"02:10"
464390,"18.89","85.96",17.35025405883789,16.491311429154084,2.2723467084639353,0.3062224070750716,"02:11"
464393,"18.90","86.09",17.374420166015625,16.5247202913727,2.252643841473999,0.30357068228034867,"02:12"
464396,"18.92","86.18",17.403793334960938,16.560824727938336,2.240728460942975,0.3019842908206538,"02:13"
464399,"18.94","86.13",17.41741180419922,16.571454515303703,2.25150738298869,0.30344799457840244,"02:14"
464402,"18.96","86.16",17.43997573852539,16.59654160782492,2.2493066801392647,0.3031792174068201,"02:15"
464405,"18.96","86.05",17.42755889892578,16.576478198438558,2.2671841176259218,0.30558624623308894,"02:16"
464408,"18.98","85.92",17.432098388671875,16.572440301323898,2.291030378858496,0.30881388608436955,"02:17"
464411,"18.98","86.00",17.441177368164062,16.58711727884482,2.2780131607968013,0.30705373595411345,"02:18"
464414,"19.00","86.09",17.470550537109375,16.623210085481322,2.266057235,0.30546567190324225,"02:19"
464417,"19.03","86.07",17.496986389160156,16.64887767849962,2.2733592930154973,0.30647578005404663,"02:20"
464420,"19.03","86.10",17.500457763671875,16.654479638136234,2.2684633289960807,0.3058012541023231,"02:21"
464423,"19.04","86.24",17.52582550048828,16.689734031863754,2.246948438882306,0.30292811898343786,"02:22"
464426,"19.02","86.34",17.517948150634766,16.68834287183199,2.227973071781406,0.30034341631939443,"02:23"
464429,"19.02","86.40",17.524757385253906,16.69931467015821,2.2181869528716778,0.2990191986864367,"02:24"
464432,"19.02","86.45",17.530364990234375,16.708347287786953,2.21003185378024,0.29792841697862543,"02:25"
464435,"19.01","86.45",17.520751953125,16.69851169689991,2.20872066262128,0.2977409908988292,"02:26"
464438,"19.00","86.53",17.520217895507812,16.703300421824633,2.1943774949999995,0.29581583266873857,"02:27"
464441,"19.02","86.50",17.535972595214844,16.71737721568816,2.2018767546888007,0.29683740981762236,"02:28"
464444,"19.02","86.40",17.524757385253906,16.69931467015821,2.2181869528716778,0.2990191986864367,"02:29"
464447,"19.02","86.48",17.533836364746094,16.713937560145368,2.205138794325375,0.29725305818101583,"02:30"
464450,"19.01","86.50",17.52635955810547,16.70754342234035,2.2005704018736,0.2966503658816901,"02:31"
464453,"18.99","86.44",17.500457763671875,16.677119072350617,2.207728508993185,0.2975740258251228,"02:32"
464456,"18.99","86.72",17.531967163085938,16.72785695615317,2.162141194648191,0.2914473611900604,"02:33"
464459,"18.99","86.72",17.531967163085938,16.72785695615317,2.162141194648191,0.2914473611900604,"02:34"
464462,"18.99","86.50",17.50713348388672,16.68787571576652,2.197959798776399,0.2962765974912404,"02:35"
464465,"18.99","86.55",17.512741088867188,16.69690834647387,2.18981920692908,0.2951865110352845,"02:36"
464468,"18.99","86.47",17.503795623779297,16.682497871425976,2.202844153884792,0.29692535154907385,"02:37"
464471,"19.00","86.34",17.498722076416016,16.668663671877276,2.225330109999998,0.2999944090660911,"02:38"
464474,"18.96","86.19",17.443313598632812,16.601932724409746,2.2444310153701768,0.30253197894392053,"02:39"
464477,"18.96","86.30",17.45586395263672,16.62219471776266,2.2265535778835215,0.3000976502674522,"02:40"
464480,"18.94","86.24",17.429828643798828,16.591516225251407,2.2336511600522257,0.3010418457625338,"02:41"
464483,"18.94","86.05",17.40833282470703,16.556777291129574,2.264493726942481,0.3052066331892952,"02:42"
464486,"18.90","86.23",17.390308380126953,16.550415140639736,2.2299716532779996,0.30049646980384104,"02:43"
464489,"18.86","86.08",17.33489990234375,16.483593441449333,2.2489142300766716,0.30302201037705173,"02:44"
464492,"18.86","86.08",17.33489990234375,16.483593441449333,2.2489142300766716,0.30302201037705173,"02:45"
464495,"18.80","86.15",17.285232543945312,16.437478969908504,2.2296432361199994,0.3004024324135635,"02:46"
464498,"18.78","86.34",17.287368774414062,16.452397246092694,2.196444174961952,0.2959102012062086,"02:47"
464501,"18.75","86.22",17.24517822265625,16.40123370413759,2.2117924887500013,0.2979244553451782,"02:48"
464504,"18.70","86.32",17.208328247070312,16.37020635026131,2.189225281104001,0.2948379938325537,"02:49"
464507,"18.68","86.32",17.189102172851562,16.350523076807498,2.186623605505538,0.2944680214044052,"02:50"
464510,"18.68","86.15",17.170143127441406,16.319740104096,2.2137965596675198,0.2981094877365319,"02:51"
464513,"18.66","85.96",17.129554748535156,16.265307017634772,2.2414990671066235,0.3018345589853556,"02:52"
464516,"18.63","85.98",17.103118896484375,16.239653908141808,2.2343162297927837,0.3008396960378711,"02:53"
464519,"18.62","85.92",17.086830139160156,16.218928361098413,2.2425440190320636,0.3019308818216146,"02:54"
464522,"18.59","85.97",17.0635986328125,16.19849561496068,2.2305963764266306,0.30029723410693165,"02:55"
464525,"18.54","85.60",16.974411010742188,16.0820770759063,2.28262126738176,0.30723828527844327,"02:56"
464528,"18.49","85.29",16.891765594482422,15.976093724823523,2.324832821068144,0.3128994750608488,"02:57"
464531,"18.46","85.34",16.868667602539062,15.955866855868408,2.3127967448519353,0.31123819895676375,"02:58"
464534,"18.46","85.66",16.904449462890625,16.014488235289225,2.262312777706464,0.30443843755201955,"02:59"
464537,"18.45","85.80",16.910324096679688,16.029963723059268,2.2388927681600013,0.3013061116222371,"03:00"
464540,"18.43","85.57",16.865596771240234,15.968482849200841,2.2724489808705375,0.3057783661275625,"03:01"
464543,"18.42","85.33",16.829147338867188,15.914596108575703,2.3088692175910577,0.3107091617770649,"03:02"
464546,"18.40","85.35",16.81232452392578,15.89878223415315,2.302977105160002,0.30987496884444,"03:03"
464549,"18.36","85.18",16.75518035888672,15.828533839890246,2.3241576369573114,0.3126558326845089,"03:04"
464552,"18.34","85.09",16.725940704345703,15.792278777310678,2.3354879255867047,0.314168439676428,"03:05"
464555,"18.32","85.49",16.751441955566406,15.846083789270777,2.270125903338048,0.30533660654304634,"03:06"
464558,"18.33","85.44",16.755447387695312,15.846744549412614,2.2793060297745917,0.30658455737624307,"03:07"
464561,"18.28","85.18",16.678543090820312,15.749884632933359,2.313106683448705,0.31108963993132405,"03:08"
464564,"18.27","85.46",16.700172424316406,15.791440770549007,2.268052289891152,0.30503351180192695,"03:09"
464567,"18.25","85.78",16.716461181640625,15.830081760102658,2.215494130499998,0.2979565757989793,"03:10"
464572,"18.20","85.71",16.660919189453125,15.76846675149682,2.219774544072001,0.2984722684834672,"03:12"
464575,"18.21","85.85",16.686019897460938,15.803793012279796,2.1993380093358414,0.29570886701736254,"03:13"
464578,"18.22","85.85",16.695499420166016,15.813434735404352,2.2006494511911203,0.295944178451964,"03:14"
464581,"18.25","85.83",16.722068786621094,15.839291014465264,2.207704066749999,0.2968973538277737,"03:15"
464584,"18.24","85.86",16.71579360961914,15.834910756353743,2.2017173824136957,0.29608304937617547,"03:16"
464587,"18.24","85.78",16.70684814453125,15.8202181222314,2.214174057844607,0.297772276914915,"03:17"
464590,"18.25","85.83",16.722068786621094,15.839291014465264,2.207704066749999,0.2968973538277737,"03:18"
464593,"18.24","85.78",16.70684814453125,15.8202181222314,2.214174057844607,0.297772276914915,"03:19"
464596,"18.25","85.92",16.731948852539062,15.855509831736356,2.1936819519999986,0.2950305772109818,"03:21"
464599,"18.22","85.77",16.686553955078125,15.798735118546139,2.2130912855441434,0.29763216731195924,"03:22"
464602,"18.22","85.77",16.686553955078125,15.798735118546139,2.2130912855441434,0.29763216731195924,"03:23"
464605,"18.21","85.93",16.69483184814453,15.81826894313601,2.1869035894950706,0.29404610175347623,"03:24"
464608,"18.24","86.05",16.73675537109375,15.869311046203917,2.1721327782652793,0.2921225458502182,"03:25"
464611,"18.25","85.78",16.716461181640625,15.830081760102658,2.215494130499998,0.2979565757989793,"03:26"
464614,"18.27","85.62",16.71792984008789,15.820639312730302,2.243094355476943,0.3016805881549782,"03:27"
464617,"18.26","85.67",16.713790893554688,15.819766798282119,2.2339632754502876,0.3004612269803026,"03:28"
464620,"18.29","85.87",16.764793395996094,15.885746211442097,2.206725994426751,0.2968258284605511,"03:29"
464623,"18.29","85.82",16.759185791015625,15.876546784281109,2.2145346497502736,0.2978866890855418,"03:30"
464626,"18.28","85.60",16.72527313232422,15.826779094911597,2.2475530527436796,0.30226849468362327,"03:31"
464629,"18.29","85.54",16.72821044921875,15.825679028148294,2.258263119561983,0.30374276326090455,"03:32"
464632,"18.29","85.62",16.737022399902344,15.840158982720682,2.2457692710443506,0.30207748607833657,"03:33"
464635,"18.30","85.79",16.765594482421875,15.881151680817988,2.220542562741997,0.29865081863210075,"03:34"
464644,"18.27","86.28",16.791229248046875,15.940859899336543,2.1401428760183343,0.28781726344045955,"03:38"
464647,"18.27","86.06",16.76666259765625,15.900622013284158,2.174460035837871,0.29246776438746486,"03:39"
464650,"18.26","86.27",16.780414581298828,15.929047905552471,2.1404267810141295,0.2878638942857933,"03:40"
464653,"18.27","86.33",16.79656982421875,15.949600012051032,2.1323435215138957,0.2868057318701663,"03:41"
464656,"18.27","86.44",16.808853149414062,15.969692464144945,2.115184941604129,0.2844784591147015,"03:42"
464659,"18.28","86.55",16.830615997314453,15.999387761856394,2.0992769832918405,0.28232774093589547,"03:43"
464662,"18.26","86.46",16.801376342773438,15.963347348557265,2.1108068911093465,0.2838940529183187,"03:44"
464665,"18.26","86.57",16.81365966796875,15.983427901567566,2.0936585337960487,0.28156636143058017,"03:45"
464668,"18.24","86.60",16.797637939453125,15.968998216743627,2.0864931346777595,0.28060219987938384,"03:46"
464671,"18.22","86.75",16.794967651367188,15.976393145737498,2.0606788147196013,0.2771375096440156,"03:47"
464674,"18.22","86.70",16.789627075195312,15.967666522835199,2.068454961190241,0.2781490024613376,"03:48"
464677,"18.21","86.86",16.797637939453125,15.986631217600399,2.0423534588461436,0.2746075450123385,"03:49"
464680,"18.17","87.07",16.782150268554688,15.984845411107509,2.004926111830228,0.26955797115351493,"03:50"
464683,"18.16","87.28",16.79576873779297,16.01293317239702,1.9711877888824318,0.2650116597883446,"03:51"
464686,"18.14","87.44",16.794166564941406,16.022050656215548,1.9440730029239042,0.2613295789436442,"03:52"
464689,"18.12","87.57",16.789093017578125,16.025509269490136,1.9216577577549447,0.2583078431112643,"03:53"
464692,"18.10","87.87",16.802711486816406,16.059390898924075,1.8730425550779977,0.25174830228501294,"03:54"
464695,"18.10","87.97",16.81365966796875,16.077195204540555,1.8576011490179969,0.2496734353898873,"03:55"
464698,"18.10","88.14",16.832218170166016,16.107351335430494,1.8313507587159972,0.24615438390516112,"03:56"
464701,"18.08","88.32",16.832618713378906,16.11966817989641,1.8014058104309765,0.24210146228755675,"03:57"
464704,"18.06","88.50",16.8328857421875,16.131759983101364,1.7715294381223998,0.23810324966227903,"03:58"
464707,"18.10","88.46",16.867198944091797,16.1641094602911,1.781938259323999,0.23951485011997278,"03:59"
464710,"18.11","88.41",16.871337890625,16.165002227610945,1.790726754403945,0.24074482511969036,"04:00"
464713,"18.12","88.68",16.91059112548828,16.222773306228262,1.7500535653890559,0.23524691897561353,"04:01"
464716,"18.12","88.73",16.916065216064453,16.23163037538718,1.7423236468140164,0.23420549360154902,"04:02"
464719,"18.10","88.62",16.884689331054688,16.192448053711356,1.757232009627998,0.23619189382317957,"04:03"
464722,"18.08","88.64",16.867599487304688,16.17638843623475,1.752052226583551,0.2354617773767714,"04:04"
464725,"18.02","88.82",16.829147338867188,16.148997689837994,1.7181291350283843,0.23089931429254057,"04:05"
464728,"17.97","88.89",16.788291931152344,16.111922430182947,1.7022842293614087,0.2287344588330523,"04:06"
464731,"17.96","88.97",16.787357330322266,16.116240287790518,1.6890180506762889,0.22693200500289024,"04:07"
464734,"17.94","89.07",16.778945922851562,16.11427379526427,1.6717080052884334,0.22456799971907734,"04:08"
464737,"17.96","89.29",16.822071075439453,16.172448502224498,1.6400166203756168,0.22035362001450984,"04:09"
464740,"17.96","89.29",16.822071075439453,16.172448502224498,1.6400166203756168,0.22035362001450984,"04:10"
464743,"17.96","89.32",16.825408935546875,16.177847562591534,1.63542273628493,0.21972064261905686,"04:11"
464746,"17.99","89.35",16.85771942138672,16.212665385041426,1.6337517252771612,0.21950367420612976,"04:12"
464749,"18.00","89.35",16.867332458496094,16.222400047125507,1.6347270750000007,0.21968623249128144,"04:13"
464752,"18.00","89.41",16.87387466430664,16.232969005785936,1.6255173450000004,0.21844348734313926,"04:14"
464755,"18.02","89.36",16.887893676757812,16.244025825927377,1.6351425757336315,0.21974499222434468,"04:15"
464758,"18.03","89.31",16.892166137695312,16.24513539432988,1.6438071252717688,0.22089021439619963,"04:16"
464761,"18.04","89.36",16.90725326538086,16.26371001612948,1.6370951502402544,0.2200058426989308,"04:17"
464764,"18.06","89.37",16.92768096923828,16.28511773756595,1.637509384977486,0.2200901699705316,"04:18"
464767,"18.06","89.37",16.92768096923828,16.28511773756595,1.637509384977486,0.2200901699705316,"04:19"
464770,"18.08","89.37",16.947174072265625,16.305016447866,1.639464363431614,0.22032605063197544,"04:20"
464773,"18.08","89.29",16.93836212158203,16.290799583775623,1.6518027593934708,0.22200432732075584,"04:21"
464776,"18.11","89.16",16.95331573486328,16.29760719915689,1.674847111107745,0.22514934662532263,"04:22"
464779,"18.14","89.01",16.965999603271484,16.30076071218146,1.7010638775584148,0.2286789494271396,"04:23"
464782,"18.15","88.93",16.966934204101562,16.29649588466237,1.7144686068029973,0.23049335358547118,"04:24"
464785,"18.15","88.74",16.94610595703125,16.262842016975,1.7438948972539983,0.23446207643254624,"04:25"
464788,"18.16","88.72",16.953582763671875,16.269144828155966,1.7480344542919681,0.2350310227622426,"04:26"
464791,"18.18","88.75",16.976280212402344,16.294267026828884,1.745465679846001,0.2346935614436955,"04:27"
464794,"18.16","88.69",16.95037841796875,16.26396438423775,1.7526834820959358,0.23564149148475694,"04:28"
464797,"18.14","88.58",16.919002532958984,16.2247905803117,1.7676205169897283,0.23762945542395109,"04:29"
464800,"18.16","88.58",16.93836212158203,16.244529729638806,1.7697299173771537,0.23793011103112427,"04:30"
464803,"18.18","88.64",16.964263916015625,16.274847103839907,1.7625324553822725,0.23698433550383663,"04:31"
464806,"18.18","88.59",16.958789825439453,16.265996073382567,1.7702900806260313,0.23802757598664925,"04:32"
464809,"18.17","88.53",16.94263458251953,16.245651311241303,1.7785384766196977,0.23908387518716978,"04:33"
464812,"18.15","88.58",16.928749084472656,16.234768199698983,1.7686749313179977,0.2377670329272064,"04:34"
464815,"18.12","88.57",16.898574829101562,16.20332174995604,1.7670593862541466,0.23753224267685447,"04:35"
464818,"18.12","88.68",16.91059112548828,16.222773306228262,1.7500535653890559,0.23524691897561353,"04:36"
464821,"18.09","88.75",16.88922882080078,16.205603233529754,1.7361222760619999,0.23336674826347448,"04:37"
464824,"18.07","88.78",16.873207092285156,16.191280054279012,1.7294280106630548,0.23243569571309236,"04:38"
464827,"18.07","88.78",16.873207092285156,16.191280054279012,1.7294280106630548,0.23243569571309236,"04:39"
464830,"18.06","88.88",16.87427520751953,16.19881582445152,1.7129919436453136,0.2302460718076084,"04:40"
464833,"18.05","88.93",16.870136260986328,16.197923912731113,1.7042725202039986,0.22904634067051396,"04:41"
464836,"18.07","88.97",16.893768310546875,16.224548377281643,1.7001417965787446,0.228528193164183,"04:42"
464839,"18.09","88.92",16.90765380859375,16.235410133933506,1.7098875394459512,0.22986333070258774,"04:43"
464842,"18.08","88.78",16.88282012939453,16.201034609679017,1.7304600336503047,0.2325700987635912,"04:44"
464845,"18.07","88.80",16.875343322753906,16.194738228331175,1.7263452512857587,0.23202985833281212,"04:45"
464848,"18.05","88.83",16.85932159423828,16.180419114017138,1.7196679359240008,0.2311001912090017,"04:46"
464851,"18.04","88.82",16.848373413085938,16.168504093388776,1.7201808063614727,0.23119332301473072,"04:47"
464854,"18.02","88.82",16.829147338867188,16.148997689837994,1.7181291350283843,0.23089931429254057,"04:48"
464857,"18.02","88.82",16.829147338867188,16.148997689837994,1.7181291350283843,0.23089931429254057,"04:49"
464860,"18.00","88.81",16.80858612060547,16.127327228568674,1.7176146450000012,0.23083225447217864,"04:50"
464863,"18.00","88.87",16.815261840820312,16.138146225083506,1.7084049149999991,0.22956686736258725,"04:51"
464866,"17.98","88.89",16.798038482666016,16.121889622355898,1.7033006023628303,0.22886841904860233,"04:52"
464869,"17.98","88.86",16.794700622558594,16.116479043176074,1.7078999739263683,0.22950075783195628,"04:53"
464872,"18.00","88.92",16.820602416992188,16.1467985960984,1.700730140000001,0.22855433513529314,"04:54"
464875,"18.01","88.90",16.828079223632812,16.153088351929863,1.7048171637969585,0.22909236978395242,"04:55"
464878,"18.00","88.98",16.827144622802734,16.157394330657123,1.6915204100000008,0.22731371349720497,"04:56"
464881,"18.00","89.14",16.844635009765625,16.185703242498597,1.666961129999999,0.22399549080714287,"04:57"
464884,"17.97","89.18",16.819801330566406,16.162960512107166,1.6578501675688955,0.22276347951474057,"04:58"
464887,"17.96","89.32",16.825408935546875,16.177847562591534,1.63542273628493,0.21972064261905686,"04:59"
464890,"17.96","89.29",16.822071075439453,16.172448502224498,1.6400166203756168,0.22035362001450984,"05:00"
464893,"17.96","89.34",16.827545166015625,16.1813024490727,1.632360146891136,0.2193154965150626,"05:01"
464896,"17.96","89.34",16.827545166015625,16.1813024490727,1.632360146891136,0.2193154965150626,"05:02"
464899,"17.94","89.39",16.813526153564453,16.17025545046389,1.622765044474864,0.21801689501592775,"05:03"
464902,"17.95","89.50",16.835155487060547,16.199413418161917,1.6068999061499998,0.21589313323186338,"05:04"
464905,"17.93","89.60",16.826610565185547,16.197217188278376,1.58969687131008,0.21355860530699644,"05:05"
464908,"17.96","89.69",16.865463256835938,16.242560333512166,1.5787648324997754,0.21211888035083853,"05:06"
464911,"17.97","89.67",16.872940063476562,16.248836090710782,1.5827719252298227,0.21267816994899783,"05:07"
464914,"17.98","89.62",16.877212524414062,16.249941821506685,1.5913825609834547,0.21384667997319867,"05:08"
464917,"17.98","89.67",16.882686614990234,16.25877511130369,1.583716941710895,0.2128064677486158,"05:09"
464920,"17.98","89.72",16.888160705566406,16.267605797592456,1.576051322438337,0.21176604703937335,"05:10"
464923,"17.98","89.78",16.894569396972656,16.27794085713792,1.5668525793112646,0.21054772853914336,"05:11"
464926,"17.98","89.78",16.894569396972656,16.27794085713792,1.5668525793112646,0.21054772853914336,"05:12"
464929,"17.98","89.83",16.900043487548828,16.28676590040073,1.559186960038705,0.2095068550829005,"05:13"
464932,"17.97","89.77",16.883888244628906,16.266498471395845,1.5674498349565447,0.21059785400460812,"05:14"
464935,"17.97","89.83",16.890296936035156,16.276832597990612,1.558256580792575,0.20937972113608155,"05:15"
464938,"17.97","89.80",16.88709259033203,16.271665979986178,1.5628532078745607,0.20998882329663218,"05:16"
464941,"17.98","89.83",16.900043487548828,16.28676590040073,1.559186960038705,0.2095068550829005,"05:17"
464944,"17.99","89.78",16.904315948486328,16.28787590857657,1.567788040594607,0.21064887302326946,"05:18"
464947,"17.97","89.93",16.9012451171875,16.294478496640323,1.5429344905192952,0.20729808282281575,"05:19"
464950,"17.96","89.93",16.89136505126953,16.28433356684303,1.542013759774271,0.20719713715540672,"05:20"
464953,"17.94","89.98",16.877479553222656,16.273513538269274,1.5325264604748465,0.2058792844578928,"05:21"
464956,"17.96","90.04",16.90338134765625,16.30369315924702,1.5251695181084148,0.20491226890185316,"05:22"
464959,"17.99","89.99",16.927146911621094,16.32465814987059,1.535573217842666,0.20630475652945107,"05:23"
464962,"17.99","90.02",16.93035125732422,16.32981696589072,1.5309711003066742,0.20569476524001437,"05:24"
464964,"18.01","90.05",16.953048706054688,16.35482567436959,1.528191962142321,0.2053361178135777,"05:25"
464966,"18.02","90.05",16.962661743164062,16.36453622872396,1.529104194412561,0.20551383848103236,"05:26"
464968,"18.04","90.11",16.988563537597656,16.3946896393021,1.5216984056274558,0.20451675231161026,"05:27"
464970,"18.07","90.09",17.015533447265625,16.42081261663525,1.527507271450169,0.20532724507633163,"05:28"
464972,"18.08","90.07",17.023143768310547,16.427304837696205,1.5315033987653752,0.20583477469247208,"05:29"
464974,"18.11","90.05",17.050247192382812,16.453648036311662,1.5373366010629201,0.20664854986468661,"05:30"
464976,"18.14","90.03",17.07721710205078,16.47978031669092,1.543185337512048,0.20743626909919613,"05:31"
464978,"18.17","89.96",17.09857940673828,16.496919740152425,1.5568026421326753,0.2092996480836483,"05:32"
464980,"18.18","89.69",17.07895278930664,16.459689347517596,1.5996223252633115,0.21507896983747762,"05:33"
464982,"18.20","89.62",17.090702056884766,16.467124277725528,1.6124044623839993,0.21682149650238217,"05:34"
464984,"18.18","89.13",17.01793670654297,16.36149222582488,1.6865077279934244,0.22674439604935515,"05:35"
464986,"18.14","89.01",16.965999603271484,16.30076071218146,1.7010638775584148,0.2286789494271396,"05:36"
464988,"18.12","89.14",16.960792541503906,16.30390107581422,1.6789383144986871,0.22568845833456058,"05:37"
464990,"18.10","89.03",16.92941665649414,16.26479495358515,1.6939222447819997,0.22768457179070686,"05:38"
464992,"18.08","89.08",16.915531158447266,16.253933581516684,1.684191048793343,0.22635007051795916,"05:39"
464994,"18.06","89.18",16.907119750976562,16.251920954559463,1.666778132216029,0.22400254366781844,"05:40"
464996,"18.05","89.15",16.89403533935547,16.23657102781413,1.6704026056199996,0.2245046995985355,"05:41"
464998,"18.05","89.26",16.906051635742188,16.255983691028256,1.6534676483279984,0.22221969108540768,"05:42"
465000,"18.06","89.10",16.89830780029297,16.23768248873304,1.6791018152638415,0.22567837364862342,"05:43"
465002,"18.07","88.99",16.896038055419922,16.228218586244783,1.6970590372014485,0.22809666516924842,"05:44"
465004,"18.07","88.99",16.896038055419922,16.228218586244783,1.6970590372014485,0.22809666516924842,"05:45"
465006,"18.06","89.04",16.89189910888672,16.22732298367834,1.6883445775496941,0.2268968194997175,"05:46"
465008,"18.06","89.15",16.90378189086914,16.246528393186935,1.671399513358958,0.2246373913741472,"05:47"
465010,"18.04","89.20",16.88976287841797,16.23546052194663,1.6617131224243202,0.22333162603393256,"05:48"
465012,"18.07","89.18",16.916732788085938,16.261661506525815,1.6677728231171347,0.22416049047325223,"05:49"
465014,"18.08","89.21",16.929683685302734,16.276791534791958,1.6641411553553276,0.22365664617171213,"05:50"
465016,"18.09","89.21",16.939430236816406,16.28674657787926,1.6651341652185785,0.22381564782697155,"05:51"
465018,"18.13","89.17",16.973743438720703,16.319028319648663,1.6752992190015359,0.22521083597391253,"05:52"
465020,"18.13","88.98",16.953048706054688,16.285623936854833,1.7046904333699828,0.22915514369852694,"05:53"
465022,"18.14","88.69",16.931018829345703,16.244233118172403,1.7505943999259035,0.2353424398348345,"05:54"
465024,"18.16","88.39",16.91753387451172,16.21081304745555,1.7991737601356146,0.2418946659576111,"05:55"
465026,"18.16","88.26",16.90338134765625,16.1878812625505,1.8193195472861419,0.24458680503038543,"05:56"
465028,"18.17","88.02",16.886558532714844,16.154780603556247,1.8576190889192663,0.24975241747660776,"05:57"
465030,"18.16","87.88",16.861724853515625,16.12028142733483,1.8782072328030726,0.2525027453104457,"05:58"
465032,"18.18","87.88",16.880950927734375,16.139854273450815,1.8804483590874241,0.25283933263664765,"05:59"
465034,"18.20","88.05",16.918869018554688,16.189754918739887,1.8562845207599992,0.24962083293348555,"06:00"
465036,"18.22","88.03",16.935958862304688,16.205852443678893,1.8616094650712167,0.2503624696723371,"06:01"
465038,"18.24","88.01",16.953048706054688,16.22195232925013,1.8669442302079347,0.25107835671206014,"06:02"
465040,"18.26","88.01",16.97254180908203,16.241948297640377,1.8691709471492644,0.25136366220986445,"06:03"
465042,"18.29","87.88",16.98709487915039,16.248153453440583,1.8928180504212477,0.254594407880143,"06:04"
465044,"18.32","87.81",17.008323669433594,16.265185443644043,1.907156082818112,0.2565293511710706,"06:05"
465046,"18.36","87.82",17.048110961914062,16.306501181898437,1.9101376530458882,0.25695577817601534,"06:06"
465048,"18.38","87.66",17.049713134765625,16.297548593320204,1.9375364196089304,0.26066743972233863,"06:07"
465050,"18.40","87.56",17.057857513427734,16.299190936236563,1.955565541856,0.26313106771391476,"06:08"
465052,"18.43","87.40",17.069072723388672,16.30003857458817,1.9842589853755186,0.2669958979109506,"06:09"
465054,"18.44","87.30",17.067604064941406,16.29188283255161,2.00119821987648,0.2692906089826607,"06:10"
465056,"18.46","87.27",17.08362579345703,16.306303382408135,2.0083153180058098,0.27025446705768025,"06:11"
465058,"18.45","87.24",17.070541381835938,16.29086792126997,2.011850121248001,0.27074315264338866,"06:12"
465060,"18.46","87.08",17.062530517578125,16.272094639564514,2.0382901734984333,0.2742907807420817,"06:13"
465062,"18.47","87.08",17.0721435546875,16.281909233543544,2.0395039204589747,0.2744677901586442,"06:14"
465064,"18.48","86.98",17.070541381835938,16.273528268440117,2.056513356637824,0.2767641053643498,"06:15"
465066,"18.50","86.82",17.0721435546875,16.264560834740884,2.0842651005000015,0.2804931398982017,"06:16"
465068,"18.54","86.77",17.10498809814453,16.29475675053905,2.097158289406991,0.28228535802307525,"06:17"
465070,"18.56","86.72",17.118606567382812,16.30530929545951,2.107590667619329,0.2837205001514548,"06:18"
465072,"18.58","87.06",17.175750732421875,16.386410072450804,2.0560763398166078,0.2768048778739008,"06:19"
465074,"18.62","87.55",17.268810272216797,16.513869812324955,1.9829313236469606,0.26697932675330555,"06:20"
465076,"18.67","87.57",17.31914520263672,16.566512826896528,1.9856414521876253,0.2674176168408664,"06:21"
465078,"18.72","87.52",17.36186981201172,16.606898610825603,1.9995639926845445,0.26930143825391645,"06:22"
465080,"18.74","87.04",17.327423095703125,16.53999920280474,2.0789403614461435,0.2800292211767406,"06:23"
465082,"18.77","86.80",17.329559326171875,16.526345542762876,2.121218045084161,0.28570224257067134,"06:24"
465084,"18.78","86.48",17.303123474121094,16.477898995603788,2.173933034076544,0.2928714307462322,"06:25"
465086,"18.74","86.36",17.251319885253906,16.416929334582576,2.188020565596096,0.2947050971991644,"06:26"
465088,"18.72","86.27",17.221946716308594,16.380795283578475,2.1998408349005434,0.2962872108144328,"06:27"
465090,"18.73","86.27",17.23155975341797,16.390638606058978,2.2011488908801766,0.29647294274847164,"06:28"
465092,"18.72","86.22",17.216339111328125,16.37169835636153,2.207851908589184,0.29736581168909204,"06:29"
465094,"18.75","86.25",17.24864959716797,16.406862047028753,2.2069772656249995,0.2972560763216666,"06:30"
465096,"18.73","86.08",17.21019744873047,16.355975869938714,2.231609072181504,0.30058214420551577,"06:31"
465098,"18.76","86.53",17.289505004882812,16.467303401049794,2.1633205435105918,0.29142091550556515,"06:32"
465100,"18.81","86.70",17.356796264648438,16.547534776882852,2.1423740050260793,0.2886003254747468,"06:33"
465102,"18.86","86.41",17.372150421142578,16.543853366127102,2.195599453070546,0.2958219323323341,"06:34"
465104,"18.88","86.14",17.361068725585938,16.51452874112241,2.241882201347712,0.30205729424930394,"06:35"
465106,"18.95","86.16",17.430496215820312,16.586910913389694,2.247971733672001,0.30296432031822784,"06:36"
465108,"19.00","85.95",17.45452880859375,16.597329185857962,2.288864425,0.3085747588564047,"06:37"
465110,"19.06","85.58",17.47028350830078,16.588706743592976,2.357519584656991,0.31781234441111933,"06:38"
465112,"19.09","85.43",17.481765747070312,16.590233271805364,2.3862863372190084,0.32179570810208913,"06:39"
465114,"19.12","84.99",17.460403442382812,16.538551789752308,2.4627283904222104,0.33210663295680015,"06:40"
465116,"19.14","84.78",17.455596923828125,16.51934771897624,2.5001474244332496,0.33717083389353564,"06:41"
465118,"19.15","84.70",17.456130981445312,16.51450778647489,2.5147796942699987,0.3391066227885077,"06:42"
465120,"19.16","84.73",17.468948364257812,16.52960833782421,2.5113375183093094,0.3387148279961032,"06:43"
465122,"19.17","84.59",17.462539672851562,16.5134984703436,2.5358654429490883,0.34199942763989205,"06:44"
465124,"19.16","84.67",17.462139129638672,16.518555286690887,2.521205249226048,0.34003625237512586,"06:45"
465126,"19.19","85.17",17.547988891601562,16.640618231837447,2.443316407416793,0.32953200987380205,"06:46"
465128,"19.22","84.82",17.536640167236328,16.605225337162565,2.5054325280959056,0.3379553596370485,"06:47"
465130,"19.26","84.83",17.576026916503906,16.64631657197449,2.5097250954145114,0.338555833085616,"06:48"
465132,"19.32","84.82",17.632102966308594,16.703089518355778,2.5203238444496634,0.34008703733276774,"06:49"
465134,"19.38","84.42",17.643585205078125,16.68775831266518,2.595945073864735,0.35034109154322657,"06:50"
465136,"19.40","84.23",17.640647888183594,16.671688482725905,2.6307168700079995,0.355086385861064,"06:51"
465138,"19.45","84.35",17.70233154296875,16.743300821672843,2.6184387751700005,0.3534405096715325,"06:52"
465140,"19.52","84.26",17.75867462158203,16.794988381077527,2.6444302270437117,0.3570246027875722,"06:53"
465142,"19.58","84.13",17.800865173339844,16.829462194252237,2.675752783424784,0.36133203258937385,"06:54"
465144,"19.63","83.62",17.78911590576172,16.782374001461758,2.7699202885404937,0.37412395265393705,"06:55"
465146,"19.68","83.35",17.805404663085938,16.78062636442332,2.8239145379740798,0.38142824327849745,"06:56"
465148,"19.74","83.48",17.87750244140625,16.86363140183329,2.811820416545727,0.37990825978615844,"06:57"
465150,"19.81","83.35",17.929039001464844,16.90777684952658,2.8456927942910397,0.38452860900622454,"06:58"
465152,"19.87","83.14",17.961349487304688,16.926485776376765,2.891814203651089,0.39087331399827396,"06:59"
465154,"19.93","82.91",17.991390228271484,16.941566459994416,2.941666054279569,0.3976595416677743,"07:00"
465156,"19.98","82.14",17.947998046875,16.843332080947153,3.0832902848688306,0.41688561282213604,"07:01"
465158,"20.05","81.90",17.985916137695312,16.8656408077513,3.1376551127199974,0.424306235607277,"07:02"
465160,"20.12","81.66",18.02356719970703,16.887571326434355,3.1924115681982723,0.4318082532324972,"07:03"
465162,"20.18","81.45",18.055343627929688,16.905607664076474,3.240407579466959,0.43838433058964166,"07:04"
465164,"20.24","81.05",18.06415557861328,16.88637590332346,3.32200714352928,0.44948074033182195,"07:05"
465166,"20.31","81.57",18.192596435546875,17.055701605030357,3.244199358830169,0.43903597116318915,"07:06"
465168,"20.36","80.85",18.153610229492188,16.964727431144894,3.380879470616641,0.4575999792039177,"07:07"
465170,"20.41","80.18",18.119964599609375,16.882086427493974,3.509480873453791,0.4750824804701413,"07:08"
465172,"20.44","79.88",18.111953735351562,16.852224426375244,3.5688969626170888,0.48314749320628003,"07:09"
465174,"20.48","79.63",18.119163513183594,16.841564731031823,3.6217564889869447,0.4903960274880127,"07:10"
465176,"20.50","79.61",18.135719299316406,16.857381971427436,3.629580571250001,0.49145065239994745,"07:11"
465178,"20.48","79.07",18.05133819580078,16.73061242728331,3.721323677687618,0.5038563695475673,"07:12"
465180,"20.44","78.97",18.001670837402344,16.671762677611245,3.730313276532671,0.5050110935705266,"07:13"
465182,"20.40","78.85",17.949600219726562,16.60891622219641,3.7427771451600016,0.5066644232151802,"07:14"
465184,"20.40","79.02",17.970294952392578,16.64291694817967,3.712693357232002,0.5025763224765758,"07:15"
465186,"20.40","78.85",17.949600219726562,16.60891622219641,3.7427771451600016,0.5066644232151802,"07:16"
465188,"20.38","79.24",17.978172302246094,16.667177562082607,3.669438675676993,0.4967192333654616,"07:17"
465190,"20.39","79.24",17.987518310546875,16.67684533229884,3.6715994661435847,0.4970066572329895,"07:18"
465192,"20.37","79.21",17.965087890625,16.651375809562882,3.672578560698433,0.4971129357815439,"07:19"
465194,"20.38","79.47",18.005943298339844,16.71269583338982,3.6287849716593747,0.49122669663061097,"07:20"
465196,"20.41","79.36",18.020896911621094,16.72024723305326,3.6546763485411855,0.49473280326984825,"07:21"
465198,"20.42","78.97",17.98297882080078,16.65240629657576,3.725925091421905,0.5044014128205194,"07:22"
465200,"20.44","78.97",18.001670837402344,16.671762677611245,3.730313276532671,0.5050110935705266,"07:23"
465202,"20.42","78.60",17.93811798095703,16.57865765882496,3.7914786950275214,0.5132634893648766,"07:25"
465204,"20.43","78.35",17.917022705078125,16.538213172644554,3.838029853301082,0.5195929721849122,"07:26"
465206,"20.42","77.95",17.858943939208984,16.44805445588767,3.906640431091441,0.5288681443142597,"07:27"
465208,"20.44","77.27",17.794456481933594,16.329718014138148,4.0318602365947545,0.5458506887702438,"07:28"
465210,"20.42","77.03",17.746658325195312,16.261842122458948,4.069638580597298,0.550920653308502,"07:29"
465212,"20.41","76.92",17.723827362060547,16.22963808580052,4.086721420752449,0.5532270630853287,"07:30"
465214,"20.42","76.86",17.725830078125,16.227171763882517,4.099757803875551,0.5550011963368,"07:31"
465216,"20.46","76.70",17.743453979492188,16.233325377936335,4.13783413582768,0.5601930990729009,"07:32"
465218,"20.49","76.65",17.76508331298828,16.25196463769029,4.154039382975437,0.5624664106360295,"07:33"
465220,"20.54","76.80",17.829971313476562,16.3310241647794,4.13951067692928,0.5605978055209146,"07:34"
465222,"20.58","76.18",17.79071807861328,16.242530525596138,4.260144527838623,0.5770211051690037,"07:35"
465224,"20.61","75.87",17.780303955078125,16.207736823871667,4.323205669637407,0.5855785714116731,"07:36"
465226,"20.67","76.23",17.88043975830078,16.339987366397903,4.273752094637336,0.5790014458111206,"07:37"
465228,"20.70","76.18",17.902069091796875,16.358691750126304,4.2902981342759965,0.5812757335506529,"07:38"
465230,"20.74","76.21",17.94292449951172,16.40362485117247,4.294975541325458,0.5819819040714804,"07:39"
465232,"20.76","76.16",17.95520782470703,16.412552479040315,4.309061347431426,0.5839440120174672,"07:40"
465234,"20.80","76.17",17.99365997314453,16.453489881464346,4.3173834546159995,0.5851002388531249,"07:41"
465236,"20.84","76.66",18.091659545898438,16.593062263467026,4.238550194772097,0.5744532266765574,"07:42"
465238,"20.88","76.10",18.05908203125,16.516309086578058,4.350448397898882,0.5897260409187478,"07:43"
465240,"20.91","76.05",18.080711364746094,16.535059921299098,4.367231373590121,0.5920535219876634,"07:44"
465242,"20.99","76.03",18.15227508544922,16.608105502113997,4.391438881740408,0.5954892542437378,"07:45"
465244,"21.10","76.03",18.25428009033203,16.714514841785522,4.419850462662,0.5995306488531422,"07:46"
465246,"21.18","75.27",18.23291778564453,16.633856442637203,4.581411709288497,0.6215722078946261,"07:47"
465248,"21.26","74.91",18.261489868164062,16.635867834375524,4.669931238087026,0.6337007632231156,"07:48"
465250,"21.30","75.32",18.350143432617188,16.760140382612263,4.604387826616,0.624918636738786,"07:49"
465252,"21.34","74.63",18.29967498779297,16.653894003859914,4.744209551502129,0.6439849016468511,"07:50"
465254,"21.38","74.53",18.323974609375,16.671579711872266,4.774069454878225,0.6480711457233692,"07:51"
465256,"21.41","73.69",18.244667053222656,16.522481315497107,4.9401798166935365,0.6706633018478424,"07:52"
465258,"21.48","73.53",18.28845977783203,16.555643480453302,4.990609107289663,0.6776476402902233,"07:53"
465260,"21.55","73.92",18.402748107910156,16.70625086857677,4.937238357136,0.6705276748016967,"07:54"
465262,"21.63","74.26",18.519973754882812,16.855647470503037,4.895699911481808,0.6650579227219368,"07:55"
465264,"21.68","73.08",18.414230346679688,16.651767473464464,5.1351052336227845,0.6976504895630032,"07:56"
465266,"21.74","72.18",18.35254669189453,16.514474056062543,5.325403527289247,0.723666904035554,"07:57"
465268,"21.81","71.84",18.37230682373047,16.507620263796568,5.4125497929564155,0.7356337901917233,"07:58"
465270,"21.80","70.76",18.221969604492188,16.2599959262615,5.616855671327999,0.7633766968769489,"07:59"
465272,"21.79","70.40",18.1658935546875,16.170761665708678,5.682693498131838,0.7722938473808686,"08:00"
465274,"21.75","70.57",18.15174102783203,16.170038552394065,5.636884246875001,0.7659926125386306,"08:01"
465276,"21.72","70.27",18.085250854492188,16.074585045254096,5.684383073742145,0.7724001726875812,"08:02"
465278,"21.74","70.83",18.17657470703125,16.217949622049723,5.583825337563887,0.7588056829853411,"08:03"
465280,"21.76","70.90",18.204078674316406,16.252903506039598,5.57693118250176,0.7578834572413641,"08:04"
465282,"21.84","71.62",18.3709716796875,16.488221583439287,5.464389124563072,0.74272270296836,"08:05"
465284,"21.93","71.60",18.450279235839844,16.56997926946562,5.497010622935681,0.7473722331695836,"08:06"
465286,"22.10","70.05",18.40087890625,16.38945053485126,5.854719821370001,0.7963695844724541,"08:07"
465288,"22.21","69.92",18.483123779296875,16.46529640483553,5.917898806458368,0.8052470190683781,"08:08"
465290,"22.29","70.17",18.589134216308594,16.598372787346293,5.896085507661631,0.8023724786407712,"08:09"
465292,"22.50","71.15",18.910369873046875,17.017872741101584,5.772390943749999,0.7860507709716632,"08:10"
465294,"22.70","69.86",18.91918182373047,16.92110444288018,6.100888641012,0.8312253913742171,"08:11"
465296,"22.91","68.03",18.86016845703125,16.703796849816705,6.550536509171833,0.8929623735410196,"08:12"
465298,"23.18","68.35",19.146957397460938,17.035188764903836,6.587045933140081,0.8986121033970147,"08:13"
465300,"23.39","66.29",19.049224853515625,16.75277637947323,7.101370754832258,0.9693916819799316,"08:14"
465302,"23.50","65.92",19.095687866210938,16.76961328491273,7.225010268,0.986518330756347,"08:15"
465304,"23.64","64.95",19.08313751220703,16.66910310601458,7.49084245522592,1.0231981119673477,"08:16"
465306,"23.69","64.45",19.056434631347656,16.595050457110425,7.619609644690323,1.0409009253266703,"08:17"
465308,"23.67","64.81",19.089813232421875,16.663491462205243,7.533768113705591,1.0291360722853753,"08:18"
465310,"23.73","65.69",19.2681884765625,16.933074568933954,7.370787460291073,1.00702268939649,"08:19"
465312,"23.78","64.95",19.207305908203125,16.801669575151823,7.551458606205362,1.03187463116845,"08:20"
465314,"23.85","65.17",19.30103302001953,16.92168104578334,7.534337013378,1.0297120197325171,"08:21"
465316,"23.91","64.97",19.325599670410156,16.92983296481476,7.603786449967766,1.0393975457097462,"08:22"
465318,"23.97","65.22",19.41478729248047,17.047552307572907,7.575597528536385,1.0357030546571984,"08:23"
465320,"24.00","65.31",19.454307556152344,17.097738451234235,7.569028444999999,1.0348707894033542,"08:24"
465322,"23.98","64.95",19.38488006591797,16.991339804314073,7.638795155360562,1.0443736134480706,"08:25"
465324,"24.01","64.92",19.407310485839844,17.012660061812568,7.658520732004289,1.0471790395777667,"08:26"
465326,"23.99","65.52",19.47540283203125,17.138887154606703,7.518887832103873,1.0280218637199585,"08:27"
465328,"24.02","65.08",19.4390869140625,17.060915618545984,7.627970315733695,1.04300789676248,"08:28"
465330,"24.08","64.42",19.397430419921875,16.95689007705581,7.798965936253055,1.066597248068593,"08:29"
465332,"24.15","65.46",19.60918426513672,17.276230433491023,7.601482062086001,1.039758638970684,"08:30"
465334,"24.26","66.17",19.809188842773438,17.551589170473488,7.492349378823889,1.0251143693616587,"08:31"
465336,"24.36","64.89",19.71385955810547,17.337438326071354,7.8205243398277755,1.070264558410733,"08:32"
465338,"24.44","64.18",19.681549072265625,17.23908792718984,8.015313030519168,1.097217417665021,"08:33"
465340,"24.53","64.80",19.851646423339844,17.476527801405474,7.917256691773442,1.0840382188530349,"08:34"
465342,"24.60","62.07",19.512786865234375,16.862869203911263,8.565522435368,1.1730223243231268,"08:35"
465344,"24.60","60.82",19.32720184326172,16.542792544457964,8.847803032368,1.211673160443522,"08:36"
465346,"24.68","62.02",19.575538635253906,16.92563827028971,8.616129368570492,1.1802300317650787,"08:37"
465348,"24.67","60.64",19.36138153076172,16.56211685656063,8.924093819298049,1.2223319451492416,"08:38"
465350,"24.53","60.25",19.18140411376953,16.329344947230535,8.9406520880112,1.2241409320319114,"08:39"
465352,"24.40","60.72",19.138145446777344,16.329014007687938,8.769434811712,1.2002726655431768,"08:40"
465354,"24.41","61.52",19.26525115966797,16.543980056846443,8.595752691996285,1.1765678668111157,"08:41"
465356,"24.43","61.31",19.251632690429688,16.5089704332987,8.652566963526489,1.1843948442093812,"08:42"
465358,"24.41","61.89",19.319725036621094,16.638075605589588,8.513101223804014,1.1652762597655202,"08:43"
465360,"24.39","63.29",19.507713317871094,16.971658881725816,8.190978143050264,1.1210934953619085,"08:44"
465362,"24.29","64.21",19.55310821533203,17.10438992815838,7.940075354742817,1.0864672898263084,"08:45"
465364,"24.11","64.21",19.393959045410156,16.934235609711596,7.8585186413978665,1.0747554935944383,"08:46"
465366,"24.03","64.02",19.295692443847656,16.811648017090825,7.864033436914257,1.075335499819451,"08:47"
465368,"23.97","64.04",19.24549102783203,16.75972761629085,7.832618951298686,1.0708509882730812,"08:48"
465370,"23.83","62.68",18.926124572753906,16.290208911434604,8.063686849566624,1.1020248300683382,"08:49"
465372,"23.64","62.10",18.67565155029297,15.965152500182878,8.099940914495361,1.1063924489359618,"08:50"
465374,"23.46","62.34",18.552284240722656,15.855658003461574,7.9655812268567345,1.0875140580977214,"08:51"
465376,"23.27","62.53",18.412628173828125,15.72383697256356,7.838964433329334,1.0696482778877592,"08:52"
465378,"23.10","63.77",18.438262939453125,15.869807256973639,7.505453920738001,1.02372578789065,"08:53"
465380,"23.06","63.70",18.39313507080078,15.814826480923607,7.502580285662878,1.0232044614615414,"08:54"
465382,"22.94","63.62",18.275909423828125,15.68145497211098,7.467086930164514,1.0180773109884727,"08:55"
465384,"22.87","64.25",18.302345275878906,15.769457363645488,7.308097465268601,0.9961446755738009,"08:56"
465386,"22.83","65.57",18.45001220703125,16.0493429667093,7.021971690846376,0.9570841691570451,"08:57"
465388,"22.81","65.74",18.45561981201172,16.070742410082598,6.979208742780578,0.9512145128032813,"08:58"
465390,"22.77","65.55",18.393936157226562,15.987713115489449,7.0016661620921585,0.9541261459710935,"08:59"
465392,"22.78","65.86",18.445472717285156,16.07081839818736,6.942683714373409,0.9461153106314644,"09:00"
465394,"22.72","65.58",18.353614807128906,15.94743344489721,6.9753230287893775,0.9504164723425006,"09:01"
465396,"22.64","65.86",18.320770263671875,15.937820098942199,6.886556585179777,0.9381211785044965,"09:02"
465398,"22.56","66.48",18.334388732910156,16.008442128665507,6.7301793900907505,0.916615594728334,"09:03"
465400,"22.50","66.29",18.25481414794922,15.906496307213436,6.744793716249999,0.9184778403547881,"09:04"
465402,"22.44","66.34",18.208084106445312,15.861223749317862,6.711362465030783,0.913755382435902,"09:05"
465404,"22.40","66.21",18.154678344726562,15.792522610365225,6.721644473976001,0.9150420506333408,"09:06"
465406,"22.34","66.38",18.124237060546875,15.775486857514743,6.664547707698528,0.9071669771174043,"09:07"
465408,"22.17","66.86",18.037452697753906,15.726515876307687,6.5047616389779535,0.8849503419562424,"09:08"
465410,"22.08","68.03",18.11382293701172,15.911722596497015,6.242322107562304,0.849053812941715,"09:09"
465412,"22.02","68.91",18.177108764648438,16.055492357613243,6.049320545543791,0.8226551536749369,"09:10"
465414,"21.94","69.07",18.12610626220703,16.015254843259346,5.990199616450033,0.8144806217587913,"09:11"
465416,"21.92","69.43",18.155746459960938,16.077596165511867,5.913580582944576,0.8040039633087819,"09:12"
465418,"21.92","70.02",18.233718872070312,16.21027963706277,5.7994486711376645,0.7884755487061532,"09:13"
465420,"21.91","70.13",18.239059448242188,16.225152494527492,5.7748024292084725,0.7850881779989305,"09:14"
465422,"21.90","70.48",18.27617645263672,16.293847484659214,5.703810279407998,0.7754187902880911,"09:15"
465424,"21.87","70.83",18.29486846923828,16.342780778156634,5.6263335835973365,0.7648166033909274,"09:16"
465426,"21.86","70.48",18.23986053466797,16.25551612291924,5.690522499714431,0.7735141329546475,"09:17"
465428,"21.86","71.30",18.34747314453125,16.437240943167193,5.532452430277919,0.7520033994485604,"09:18"
465430,"21.85","70.71",18.260955810546875,16.297012096501522,5.642893964674002,0.767048279058827,"09:19"
465432,"21.78","71.31",18.275909423828125,16.362670204041216,5.504776339824367,0.7480810724658209,"09:20"
465434,"21.69","71.76",18.252410888671875,16.374916393608505,5.390046897589375,0.7323184827628204,"09:21"
465436,"21.62","71.78",18.190994262695312,16.31182649226799,5.364257251442975,0.7286783428105092,"09:22"
465438,"21.59","71.83",18.170166015625,16.294053613238077,5.345377202059851,0.7260599221771884,"09:23"
465440,"21.56","72.18",18.18805694580078,16.341516048569094,5.26971840356083,0.7157413222332746,"09:24"
465442,"21.52","72.14",18.146400451660156,16.294481890530342,5.264973540138367,0.7149921407353016,"09:25"
465444,"21.49","71.96",18.095664978027344,16.226310750030766,5.289705752685059,0.7183008145981795,"09:26"
465446,"21.47","71.90",18.06976318359375,16.194192432601472,5.294830052653678,0.7189601070520162,"09:27"
465448,"21.45","71.86",18.0462646484375,16.16612062297965,5.296170187812001,0.7191117708730491,"09:28"
465450,"21.42","71.86",18.019027709960938,16.137547645755127,5.286886772456352,0.7177230133941173,"09:29"
465452,"21.42","72.18",18.060150146484375,16.20702593953901,5.2267658141341755,0.709578790027767,"09:30"
465454,"21.42","72.88",18.15013885498047,16.3584944909034,5.095251217804419,0.6917133146765189,"09:31"
465456,"21.45","73.03",18.196868896484375,16.41962381264939,5.075966949726,0.6891943808895391,"09:32"
465458,"21.48","72.95",18.213958740234375,16.431043244332216,5.099961328000958,0.6925183880973218,"09:33"
465460,"21.50","72.55",18.18084716796875,16.363978827369017,5.18143111875,0.7036249392138462,"09:34"
465462,"21.50","72.40",18.16162109375,16.331657155808468,5.2097449499999975,0.7074511444347543,"09:35"
465464,"21.48","72.63",18.172836303710938,16.362041964809,5.160293587703745,0.7007090141396762,"09:36"
465466,"21.50","72.22",18.138389587402344,16.292554384675483,5.2437215475,0.7120708354762989,"09:37"
465468,"21.50","72.14",18.127975463867188,16.275008658026742,5.2588222575,0.7141404393502864,"09:38"
465470,"21.50","72.20",18.135719299316406,16.288056479208404,5.2474967249999995,0.7126015793599343,"09:39"
465472,"21.46","71.75",18.04119110107422,16.15171461590011,5.3199828550412,0.7223388572217455,"09:40"
465474,"21.44","71.69",18.015289306640625,16.11954892242203,5.3250507456301435,0.7229629151704614,"09:41"
465476,"21.43","72.24",18.07697296142578,16.229598851437178,5.218544232117953,0.7085232108446782,"09:42"
465478,"21.44","71.86",18.037185668945312,16.156596341065836,5.293074107454336,0.7186285599666331,"09:43"
465480,"21.43","71.60",17.994461059570312,16.09011457898518,5.338856491071681,0.7248621397801234,"09:44"
465482,"21.44","71.54",17.99579620361328,16.08652809337504,5.353265426373502,0.7268185905437978,"09:45"
465484,"21.47","71.75",18.050270080566406,16.161243640052874,5.323094270016599,0.7228235294595052,"09:46"
465486,"21.50","71.67",18.067359924316406,16.172674708242155,5.347538928749998,0.7261707410648949,"09:47"
465488,"21.53","71.62",18.08818817138672,16.190437651904034,5.366378455501536,0.7287817949619988,"09:48"
465490,"21.53","71.65",18.092193603515625,16.197209252089465,5.36070575100312,0.7279870709284229,"09:49"
465492,"21.57","71.83",18.152008056640625,16.27500408044978,5.339134837398817,0.7251463676551232,"09:50"
465494,"21.60","71.60",18.14960479736328,16.253569901635505,5.392169794240001,0.7324140966195856,"09:51"
465496,"21.65","71.67",18.204078674316406,16.316554459012643,5.394610453272,0.7329049357928916,"09:52"
465498,"21.70","71.65",18.2470703125,16.360162606566824,5.414202026729999,0.7356570467454521,"09:53"
465500,"21.74","71.25",18.231582641601562,16.310963225787642,5.503427441033999,0.7478461450718594,"09:54"
465502,"21.79","71.08",18.25481414794922,16.321305976665254,5.552145133985569,0.754573909226487,"09:55"
465505,"21.83","70.94",18.272972106933594,16.32887749167198,5.592056228946191,0.760078447309121,"09:57"
465507,"21.86","71.03",18.31195831298828,16.37739133062297,5.584499892165551,0.7591119861393842,"09:58"
465509,"21.90","70.36",18.260421752929688,16.267169706578102,5.726996500056,0.778564986943854,"09:59"
465511,"21.92","70.72",18.325843811035156,16.36627390374908,5.664037928315903,0.7700705790507438,"10:00"
465513,"21.91","71.04",18.358688354492188,16.427431763395578,5.598871052891774,0.7611713300197916,"10:01"
465515,"21.96","71.23",18.429183959960938,16.517442407805756,5.578371889632191,0.7585252811554621,"10:02"
465517,"21.98","70.76",18.385658264160156,16.432709518948027,5.676114260340288,0.7718243315394243,"10:03"
465519,"22.03","70.33",18.37444305419922,16.385039534677325,5.7763886817996255,0.7855703353615148,"10:04"
465521,"22.06","70.31",18.399009704589844,16.409293867707692,5.790391343866542,0.7875209516685526,"10:05"
465523,"22.10","69.84",18.37310791015625,16.342446610835914,5.8957712792159995,0.8019395144870629,"10:06"
465525,"22.14","69.35",18.34400177001953,16.269948323788917,6.005526215878961,0.8170085142633134,"10:07"
465527,"22.18","68.61",18.281517028808594,16.140276222740077,6.1648558924677275,0.8387264276061966,"10:08"
465529,"22.24","69.01",18.389129638671875,16.28874779187133,6.107580700326334,0.8310574567558824,"10:09"
465531,"22.32","69.11",18.474578857421875,16.387667174195435,6.116260173211073,0.8324788265561185,"10:10"
465533,"22.44","68.63",18.51837158203125,16.392931279592084,6.254766504100289,0.8515847855887401,"10:11"
465535,"22.50","68.23",18.51837158203125,16.358376777865793,6.35663293875,0.865625696627815,"10:12"
465537,"22.56","68.50",18.60889434814453,16.477653324838528,6.324601753814401,0.8613947444921102,"10:13"
465539,"22.62","69.38",18.78192901611328,16.735769131138465,6.169356987755297,0.8403694297926283,"10:14"
465541,"22.69","67.90",18.644676208496094,16.463909903052727,6.493861946639042,0.8846938999318926,"10:15"
465543,"22.66","67.30",18.535728454589844,16.29556899849409,6.603743176857121,0.8996625952516034,"10:16"
465545,"22.63","66.61",18.414764404296875,16.10573569167262,6.731364174442488,0.9169632148366869,"10:17"
465548,"22.70","66.77",18.4991455078125,16.209771111427507,6.726361298634,0.9164691048656242,"10:19"
465550,"22.73","65.85",18.39954376220703,16.0209179506074,6.9246199845664815,0.9435415792903747,"10:20"
465552,"22.79","65.77",18.442001342773438,16.05897195148866,6.965021089541594,0.9492125610204412,"10:21"
465554,"22.86","64.64",18.347740173339844,15.854455451000403,7.224187496670975,0.9846884053055597,"10:22"
465556,"22.90","64.52",18.366432189941406,15.8632502343883,7.265514690631999,0.9904509711469871,"10:23"
465558,"22.95","64.02",18.340797424316406,15.788904228217655,7.389261939374,1.0074557328657814,"10:24"
465560,"23.00","63.24",18.27564239501953,15.64503124854774,7.571328540000001,1.0323746363698134,"10:25"
465562,"23.08","62.86",18.292465209960938,15.626557674642237,7.685077699275647,1.0481422499934197,"10:26"
465564,"23.18","63.12",18.41716766357422,15.7854584237948,7.675521453845377,1.0470985466259666,"10:27"
465566,"23.22","62.88",18.418235778808594,15.763504114893479,7.743346441435136,1.056506545235139,"10:28"
465568,"23.31","63.02",18.517303466796875,15.883349615953577,7.754342993876852,1.058257941649805,"10:29"
465570,"23.36","62.15",18.43719482421875,15.713223179411589,7.95971381501856,1.086461496596063,"10:30"
465572,"23.42","61.88",18.45134735107422,15.702247559861203,8.044295757518016,1.0981241639362236,"10:31"
465574,"23.48","61.92",18.509559631347656,15.768810942041187,8.063711746922497,1.1009856560844604,"10:32"
465576,"23.53","60.89",18.404884338378906,15.55413561214796,8.305729899093397,1.1341594121061522,"10:33"
465578,"23.62","60.63",18.445472717285156,15.571818241353892,8.404419799819696,1.1479402174103033,"10:34"
465580,"23.66","60.91",18.521041870117188,15.681522176141277,8.363894707697904,1.1425229461215989,"10:35"
465582,"23.75","61.60",18.699684143066406,15.942344128674941,8.258939999999999,1.1284545938246633,"10:36"
465584,"23.84","60.45",18.610763549804688,15.73242380319394,8.550436585091518,1.1685709311840558,"10:37"
465586,"23.92","60.31",18.659896850585938,15.771521612007534,8.62026286657939,1.178381878907444,"10:38"
465588,"24.02","60.08",18.713035583496094,15.805868312671212,8.720176832877696,1.192319018161157,"10:39"
465590,"24.08","59.47",18.674850463867188,15.702471139820386,8.883982276456894,1.2149692390912255,"10:40"
465592,"24.16","59.73",18.782730102539062,15.845838398706148,8.867613644197311,1.2129375526613078,"10:41"
465594,"24.21","59.34",18.768310546875,15.79060411385166,8.979211182859133,1.228391696810533,"10:42"
465596,"24.22","58.26",18.61583709716797,15.513121647304672,9.22300270464707,1.2617645792521113,"10:43"
465598,"24.32","59.54",18.893280029296875,15.946355204635877,8.99157017603981,1.2304565677450516,"10:44"
465600,"24.55","58.47",18.931732177734375,15.878368045474918,9.351707861881001,1.2805005967334122,"10:45"
465602,"24.66","58.11",18.97205352783203,15.884757083250497,9.492293670940786,1.3001369934049936,"10:46"
465604,"24.75","58.00",19.032669067382812,15.939110285562338,9.566289075,1.3106085318455505,"10:47"
465606,"24.77","56.85",18.87432098388672,15.644787828797208,9.83945655685872,1.3481202699176866,"10:48"
465608,"24.76","57.66",18.989410400390625,15.856330968853083,9.649240353821826,1.321999101430361,"10:49"
465610,"24.72","57.22",18.888206481933594,15.699621675396925,9.727263784569988,1.3325607602945453,"10:50"
465612,"24.70","57.00",18.83747100830078,15.6207620522819,9.766120431400001,1.3378114556479055,"10:51"
465614,"24.72","56.66",18.802490234375,15.545902079036257,9.854595895821955,1.350031448501122,"10:52"
465616,"24.74","56.85",18.84868621826172,15.616831816854651,9.82261065608616,1.3456895538285072,"10:53"
465618,"24.82","56.46",18.85723114013672,15.584037078071473,9.956774237341795,1.3643559871798534,"10:54"
465620,"24.86","56.37",18.877525329589844,15.596441682990896,10.000162160561807,1.3704613087476691,"10:55"
465622,"25.00","56.51",19.018783569335938,15.766012230523963,10.047994834999995,1.3774747753780123,"10:56"
465624,"25.14","55.88",19.04041290283203,15.721210976892305,10.275190811468608,1.409143931423125,"10:57"
465626,"25.26","55.99",19.159774780273438,15.863768736967192,10.31982251123794,1.4157513735136287,"10:58"
465628,"25.32","55.90",19.196624755859375,15.894152222430465,10.376278869559679,1.423749811638532,"10:59"
465630,"25.31","55.75",19.164581298828125,15.842703211501801,10.4056529768838,1.4277533083381386,"11:00"
465632,"25.36","55.22",19.123992919921875,15.740030718916993,10.560266303838846,1.4491351335454645,"11:01"
465634,"25.44","55.55",19.24388885498047,15.907723979335769,10.53021118487968,1.4453296274712113,"11:02"
465636,"25.54","55.72",19.35577392578125,16.048776593590045,10.549681251227707,1.448333249491376,"11:03"
465638,"25.60","55.13",19.313583374023438,15.93799309940519,10.726713986072001,1.4728953052850309,"11:04"
465640,"25.55","55.03",19.25537109375,15.863146160523653,10.720157022458999,1.471813716421258,"11:05"
465642,"25.48","54.99",19.189682006835938,15.78666699140453,10.68713086863251,1.4670225073396093,"11:06"
465644,"25.40","54.72",19.079132080078125,15.635160717482593,10.702484871551995,1.4688246745982725,"11:07"
465646,"25.28","54.80",18.990211486816406,15.546576400872766,10.610929622653439,1.4558108462907042,"11:08"
465648,"25.26","55.99",19.159774780273438,15.863768736967192,10.31982251123794,1.4157513735136287,"11:09"
465650,"25.27","55.11",19.030532836914062,15.625493962734042,10.532162336949831,1.4449041487026792,"11:10"
465652,"25.24","55.45",19.058303833007812,15.693552782890086,10.434565038237118,1.4314300325604463,"11:11"
465654,"25.27","54.77",18.977127075195312,15.528921259092398,10.611933671201625,1.4558517555908523,"11:12"
465656,"25.38","54.63",19.04815673828125,15.591168890447683,10.711574456473901,1.4699561713207232,"11:13"
465658,"25.48","56.37",19.406509399414062,16.174168439316183,10.359465003297856,1.4220857260955064,"11:14"
465660,"25.58","56.38",19.493560791015625,16.270371867974717,10.416058313109982,1.4301761414442353,"11:15"
465662,"25.70","56.27",19.57874298095703,16.35170218568255,10.513646704613993,1.4440652714364481,"11:16"
465664,"25.85","54.60",19.440956115722656,16.018947502793562,11.00831790204,1.5125712237882531,"11:17"
465666,"25.82","54.34",19.373931884765625,15.916295726282344,11.052566364257567,1.5185680872999305,"11:18"
465668,"25.87","55.07",19.5330810546875,16.171957640837878,10.906699642776344,1.4986736940940986,"11:19"
465670,"25.99","54.05",19.470863342285156,15.990222609271978,11.230309694169076,1.5437212382893946,"11:20"
465672,"26.08","53.18",19.405975341796875,15.819899961914825,11.501320568503422,1.5813408169099703,"11:21"
465674,"26.34","53.91",19.743499755859375,16.2742639682906,11.489432870277296,1.5807449248950018,"11:22"
465676,"26.67","53.20",19.90478515625,16.371669632872077,11.885302079202244,1.6366971771982075,"11:23"
465678,"26.95","51.65",19.881019592285156,16.166483948720433,12.473630802154998,1.7190520403781604,"11:24"
465680,"27.15","51.77",20.06793975830078,16.387294270105528,12.582990442477,1.7350625151956116,"11:25"
465682,"27.30","50.74",20.01800537109375,16.21029077187573,12.960097048931999,1.7877214131144847,"11:26"
465684,"27.45","49.60",19.946441650390625,15.992167016161618,13.371710577119996,1.8452717843272857,"11:28"
465686,"27.50","49.32",19.939231872558594,15.949463800346033,13.483610384999995,1.8609453130000584,"11:29"
465688,"27.48","48.64",19.804916381835938,15.71419860029592,13.649269324588033,1.8837683391526838,"11:30"
465690,"27.37","48.37",19.667930603027344,15.526588299178131,13.636924151329106,1.8815095105907544,"11:31"
465692,"27.30","49.10",19.73682403564453,15.696272175793844,13.391574092379997,1.847239735346406,"11:32"
465694,"27.39","49.85",19.940032958984375,16.015795162119815,13.260835713510762,1.8296877491489263,"11:33"
465696,"27.46","48.96",19.843902587890625,15.79805965213796,13.54907885168359,1.8698616539347388,"11:34"
465698,"27.48","48.80",19.832687377929688,15.765463588113706,13.606748236349443,1.877903382524098,"11:35"
465700,"27.48","49.19",19.900245666503906,15.889783899088684,13.503103083767874,1.8636100738984287,"11:36"
465702,"27.52","49.10",19.9176025390625,15.897951127492316,13.557277584033923,1.8712124393599239,"11:37"
465704,"27.54","48.42",19.815597534179688,15.698015869523108,13.75374847271043,1.898478044082493,"11:38"
465706,"27.56","47.68",19.70264434814453,15.476125078498125,13.966655658181633,1.927967371351643,"11:39"
465708,"27.58","47.07",19.611587524414062,15.293489952718197,14.145276852968175,1.9527734472155445,"11:40"
465710,"27.60","47.33",19.673805236816406,15.397922727144461,14.091514122472004,1.9454187373269018,"11:41"
465712,"27.76","47.48",19.830284118652344,15.593075293946304,14.177325907427075,1.9581231452380137,"11:42"
465714,"28.05","50.13",20.53363800048828,16.70953853430995,13.681042923464,1.8910795297136578,"11:43"
465716,"28.32","47.33",20.259132385253906,16.054350613757197,14.667428256519612,2.0289360588524374,"11:44"
465718,"28.56","45.73",20.163803100585938,15.73508891676505,15.315277579071546,2.119966892269689,"11:45"
465720,"28.84","48.39",20.874366760253906,16.87687720500925,14.791770200219581,2.0491703418661062,"11:46"
465722,"29.09","45.07",20.468215942382812,15.988697626434812,15.961832971965793,2.212752952749951,"11:47"
465724,"29.29","44.44",20.510406494140625,15.949407890444512,16.32357108958022,2.2641966872163195,"11:48"
465726,"29.48","44.59",20.690383911132812,16.173621249627807,16.45030044648979,2.2830188347872435,"11:49"
465728,"29.72","44.66",20.89599609375,16.415863116842658,16.647122226759556,2.3118882061839683,"11:50"
465730,"29.89","41.74",20.468482971191406,15.510959695172714,17.68929478349318,2.4578741203810686,"11:51"
465732,"29.98","41.09",20.411605834960938,15.346881613358194,17.974852324024592,2.4982228155827477,"11:52"
465734,"30.10","42.86",20.852203369140625,16.113449739034895,17.549394292124003,2.439896804600969,"11:53"
465736,"30.34","43.15",21.09893798828125,16.435403381649724,17.69025161989464,2.4612191139803703,"11:54"
465738,"30.53","42.97",21.21429443359375,16.540930278473326,17.930642127093215,2.4960903944419357,"11:55"
465741,"30.72","39.57",20.683441162109375,15.42098203333906,19.196673518285507,2.6738149142027745,"11:57"
465743,"30.85","38.51",20.567283630371094,15.114341005661872,19.671575047124,2.74100733256448,"11:58"
465745,"30.82","39.31",20.7080078125,15.407735552673163,19.38410123310091,2.7007270687069704,"11:59"
465747,"30.87","37.77",20.430030822753906,14.830696696946228,19.929897718432183,2.7771891424862725,"12:00"
465749,"30.87","37.07",20.2850341796875,14.541106611889166,20.154081044848745,2.8084029259150514,"12:01"
465751,"30.83","38.44",20.537643432617188,15.068468603153415,19.672635031864992,2.740964081159821,"12:02"
465753,"30.73","39.00",20.575294494628906,15.204222289402162,19.388259979403202,2.7006026849613485,"12:03"
465755,"30.65","37.55",20.216941833496094,14.545328660927956,19.763137793730003,2.7521321456284076,"12:04"
465757,"30.53","38.88",20.39691925048828,14.97842534084533,19.21656754003046,2.675097397102064,"12:05"
465759,"30.41","38.73",20.27435302734375,14.811964579476394,19.13842386626491,2.66319844549334,"12:06"
465761,"30.40","37.73",20.063400268554688,14.398027412356079,19.440204458167997,2.7051569656434524,"12:07"
465763,"30.39","38.93",20.299453735351562,14.874109444323683,19.055201004700884,2.651448452608217,"12:08"
465765,"30.42","38.47",20.228958129882812,14.715728133380859,19.230098441648305,2.6761575759413185,"12:09"
465767,"30.42","38.57",20.249252319335938,14.7559711441256,19.198845234364626,2.6718076592298705,"12:10"
465769,"30.28","38.72",20.172348022460938,14.692195488604156,19.006540685628416,2.6438419608863652,"12:11"
465771,"30.16","38.98",20.132293701171875,14.6889590951795,18.802504559786115,2.6145937867538205,"12:12"
465773,"30.24","38.65",20.127487182617188,14.628574523339935,18.98682302237664,2.640775790093174,"12:13"
465775,"30.37","37.93",20.081024169921875,14.452696516542083,19.346152055233055,2.6918266887179345,"12:14"
465777,"30.50","39.14",20.426559448242188,15.05534090054296,19.103642092500003,2.659076478673086,"12:15"
465779,"30.62","39.09",20.508804321289062,15.142068186753018,19.244410374403728,2.6796980465094853,"12:16"
465781,"30.70","38.16",20.380630493164062,14.83969783615571,19.623278548912005,2.733000299367549,"12:17"
465783,"30.80","40.91",21.016693115234375,16.01278905106388,18.852618126168004,2.626523410190128,"12:18"
465785,"30.87","39.25",20.734176635742188,15.428111573452075,19.455910114008603,2.7111544058385513,"12:19"
465787,"30.88","38.51",20.590248107910156,15.140871236688117,19.70357550193261,2.745695425657934,"12:20"
465789,"30.76","37.43",20.275955200195312,14.593199842766763,19.919657456687553,2.774839503539652,"12:21"
465791,"30.76","38.50",20.495986938476562,15.03000991168631,19.579014441206404,2.727419684343642,"12:22"
465793,"30.82","37.43",20.321617126464844,14.64631028389331,19.984564411849135,2.7844062531038647,"12:23"
465795,"30.90","39.05",20.716552734375,15.37554083830954,19.55171028253,2.7246829974982623,"12:24"
465797,"30.98","36.64",20.27862548828125,14.457640258003247,20.41302153440563,2.845444737767757,"12:25"
465799,"31.08","39.27",20.900535583496094,15.623325442906667,19.671829219852732,2.742897690942928,"12:26"
465801,"31.13","38.20",20.718154907226562,15.23765420912875,20.07260642401055,2.799140443939539,"12:27"
465803,"31.03","39.80",20.970497131347656,15.788122810353205,19.447490399889443,2.711229943387936,"12:28"
465805,"30.99","36.98",20.357131958007812,14.609153693360645,20.314472920461327,2.8317810654987827,"12:29"
465807,"30.95","38.05",20.54912567138672,15.016433081272682,19.926370349235,2.777292699436155,"12:30"
465809,"30.87","37.17",20.305862426757812,14.582901000807443,20.122054855360666,2.803929721464326,"12:31"
465811,"30.89","37.78",20.4473876953125,14.852577518596553,19.948296479650846,2.7799225943978074,"12:32"
465813,"30.94","36.64",20.248451232910156,14.422493301174315,20.368869775524864,2.8389140020701733,"12:33"
465815,"30.85","36.43",20.136566162109375,14.254256850682829,20.336998304532003,2.833710985471338,"12:34"
465817,"30.78","39.64",20.74432373046875,15.502476357918917,19.23693916199059,2.6798759065528808,"12:35"
465819,"30.68","38.43",20.42041778564453,14.930955215156594,19.51640650409606,2.717987591642126,"12:36"
465821,"30.63","39.99",20.698928833007812,15.505655127619848,18.97035570543639,2.6415471766382335,"12:37"
465823,"30.64","40.76",20.861549377441406,15.81203757757538,18.737114585321216,2.6091371791818174,"12:38"
465825,"30.68","37.72",20.274887084960938,14.642042436516565,19.741461703347454,2.749306739109526,"12:39"
465827,"30.71","37.56",20.264739990234375,14.602657865893377,19.824426919259423,2.7611782725045644,"12:40"
465830,"30.69","37.15",20.164871215820312,14.415076590012305,19.932955073391838,2.776127250533121,"12:42"
465832,"30.74","38.53",20.486907958984375,15.02458810855722,19.548246440197005,2.722935732169785,"12:43"
465834,"30.78","38.50",20.511474609375,15.04805220472812,19.6002610745928,2.7305204991116567,"12:44"
465836,"30.90","38.01",20.502395629882812,14.955302361451176,19.885324371025998,2.771227499863965,"12:45"
465838,"30.87","38.58",20.596923828125,15.160159156466706,19.67048558357874,2.7410485354545173,"12:46"
465840,"30.83","38.51",20.55206298828125,15.096828341121,19.650265238943767,2.7378377740036597,"12:47"
465842,"30.86","38.95",20.665283203125,15.300080827141684,19.54139819250168,2.7228968675162686,"12:48"
465844,"30.87","37.30",20.332565307617188,14.63638677213579,20.08042080902616,2.7981896772291766,"12:49"
465846,"30.78","36.82",20.164871215820312,14.356973424113603,20.135682840532894,2.8050828591810424,"12:50"
465848,"30.68","37.82",20.295181274414062,14.682520528069569,19.709763787959936,2.7449496550764856,"12:51"
465850,"30.65","37.48",20.20252227783203,14.516434497584099,19.785290230008002,2.7552191855209176,"12:52"
465852,"30.66","35.57",19.813995361328125,13.718902308042425,20.400807512318607,2.840935796995085,"12:53"
465854,"30.59","35.83",19.815597534179688,13.769070639710618,20.241393272802647,2.818185543782074,"12:54"
465856,"30.68","37.02",20.13042449951172,14.35209158085254,19.963347111060095,2.7802257332866884,"12:55"
465858,"30.79","37.83",20.381431579589844,14.784561267213578,19.824538636609766,2.761796037242424,"12:56"
465860,"30.83","37.03",20.246315002441406,14.488928954335691,20.1232265749925,2.803762201654926,"12:57"
465862,"30.89","36.23",20.12481689453125,14.204324803425337,20.44524054174437,2.8491754054015197,"12:58"
465864,"30.89","36.70",20.22308349609375,14.403505842696468,20.29455427775472,2.8281680765602175,"12:59"
465866,"30.94","37.11",20.346450805664062,14.619609067035254,20.217774939753134,2.817865918197595,"13:00"
465868,"31.01","37.08",20.393447875976562,14.669193272038761,20.304199681763713,2.8304703008519825,"13:01"
465870,"31.00","36.04",20.168075561523438,14.220653574796055,20.628641436,2.8756305597097205,"13:02"
465872,"30.82","36.42",20.111732482910156,14.223357115266623,20.30715367277238,2.8293490442577767,"13:03"
465874,"30.65","36.78",20.058059692382812,14.225188146599548,20.006814592788004,2.786053943474524,"13:04"
465876,"30.62","39.22",20.535240173339844,15.19376976594882,19.203337096638627,2.673971020652678,"13:05"
465878,"30.69","36.61",20.05298614501953,14.18880752997881,20.104216739893534,2.7999888614765247,"13:06"
465880,"30.78","37.36",20.276756286621094,14.58203770272198,19.96358298719501,2.781120761185938,"13:07"
465882,"30.82","35.75",19.971542358398438,13.936981210919825,20.5211485290284,2.8591698584979968,"13:08"
465884,"30.83","36.90",20.219345092773438,14.434629344492489,20.16477047613192,2.8095407885471397,"13:09"
465886,"30.94","42.75",21.495208740234375,16.828821942607362,18.4046369104924,2.565204732234595,"13:10"
465888,"31.03","36.31",20.247116088867188,14.361704655369302,20.574927966261768,2.868442365086162,"13:11"
465890,"30.99","36.47",20.250587463378906,14.394568557629501,20.478871225593593,2.854669555281464,"13:12"
465892,"30.95","36.61",20.249786376953125,14.418745440292849,20.389549902147,2.841833178794609,"13:13"
465894,"30.92","36.40",20.183029174804688,14.303052167088367,20.42389473723648,2.846427994552634,"13:14"
465896,"30.93","37.78",20.477828979492188,14.887851388104336,19.99155717686054,2.7862347726102192,"13:15"
465898,"31.02","41.07",21.220970153808594,16.270861684011308,19.026923431622382,2.652562447052573,"13:16"
465900,"31.15","41.08",21.324844360351562,16.391329193119414,19.157878177547996,2.6717582868825236,"13:17"
465902,"31.21","39.55",21.058616638183594,15.850100289010236,19.719166824118325,2.750588833446264,"13:18"
465904,"31.30","38.82",20.9771728515625,15.63916786819371,20.054488690516,2.798124227807269,"13:19"
465906,"31.38","41.47",21.584396362304688,16.745864395585293,19.268794840830573,2.689157291285781,"13:20"
465908,"31.46","38.44",21.020965576171875,15.627759563650521,20.353875208128578,2.841265781859929,"13:21"
465910,"31.53","38.38",21.062088012695312,15.665458373811179,20.450664175210463,2.855381486192826,"13:22"
465912,"31.60","37.71",20.974769592285156,15.452968960523627,20.751054745143996,2.898004403027798,"13:23"
465914,"31.68","38.09",21.11602783203125,15.680059407888939,20.713388415120832,2.893425722275785,"13:24"
465916,"31.77","38.94",21.364364624023438,16.105588569766674,20.528039705911326,2.868270464179505,"13:25"
465918,"31.90","37.74",21.210289001464844,15.731287545584788,21.078047379003998,2.9463277126031238,"13:26"
465920,"31.94","38.22",21.343002319335938,15.964429109132706,20.960463425439073,2.930259810527697,"13:27"
465922,"32.00","38.36",21.418838500976562,16.075055647580083,20.980338996,2.9335939228436767,"13:28"
465924,"32.01","37.48",21.238861083984375,15.720971076935381,21.29127046411987,2.9771235226795105,"13:29"
465926,"32.05","36.58",21.075706481933594,15.376997755934148,21.644101598783998,3.026881373063241,"13:30"
465928,"32.02","37.55",21.26129150390625,15.758630863474757,21.278830930200563,2.975474282698072,"13:31"
465930,"31.93","36.77",21.025772094726562,15.351866333887674,21.440912436030896,2.997282122038171,"13:32"
465932,"31.87","37.07",21.044464111328125,15.425295164614916,21.270611064732343,2.9730013236740653,"13:33"
465934,"31.69","36.98",20.888519287109375,15.228277737726023,21.096101424614048,2.9469926060906744,"13:34"
465936,"31.64","37.52",20.96515655517578,15.409775088618316,20.85918311713843,2.9133802834644476,"13:35"
465938,"31.67","38.43",21.18011474609375,15.810241039836052,20.588562032284777,2.8759131300221306,"13:36"
465940,"31.71","37.39",20.991058349609375,15.417915894190534,20.981395177076855,2.9311264860404105,"13:37"
465942,"31.70","39.74",21.477584838867188,16.362058081029748,20.183030268588002,2.8194765972495155,"13:38"
465944,"31.62","37.08",20.856475830078125,15.208113579378193,20.983494704908743,2.9305904758727577,"13:39"
465946,"31.57","37.31",20.86742401123047,15.260501730939817,20.85062393043411,2.911565742481302,"13:40"
465948,"31.50","37.37",20.82683563232422,15.223578719162239,20.752317411250004,2.8972302571971817,"13:41"
465950,"31.47","37.43",20.816421508789062,15.22153157467204,20.69896396345669,2.889598641491556,"13:42"
465952,"31.45","37.83",20.885581970214844,15.369738521190161,20.544490912786003,2.8678001753940707,"13:43"
465954,"31.45","40.11",21.360092163085938,16.28421194989214,19.791049714762003,2.762655795754122,"13:44"
465956,"31.48","38.98",21.149139404296875,15.863600219108543,20.197080264138627,2.81954046964894,"13:45"
465958,"31.45","41.05",21.553421020507812,16.64829834835486,19.480420448910003,2.719268192049795,"13:46"
465960,"31.45","37.80",20.879173278808594,15.35717533654691,20.554404612760003,2.869207276786962,"13:47"
465962,"31.40","37.83",20.847396850585938,15.325450820741425,20.489206899288,2.859667018023706,"13:48"
465964,"31.42","40.54",21.425247192382812,16.424739269346436,19.617214798991327,2.7381744693389294,"13:49"
465966,"31.26","39.89",21.16729736328125,16.028587297908985,19.661260427383702,2.7429044249360772,"13:50"
465968,"31.01","38.09",20.60333251953125,15.086039257087553,19.978274035250976,2.7850480930207477,"13:51"
465970,"30.68","38.36",20.406265258789062,14.902996520360583,19.53859504486733,2.721040896243149,"13:52"
465972,"30.38","39.80",20.46661376953125,15.207901945768254,18.773521105563837,2.612286694957364,"13:53"
465974,"30.31","38.79",20.20946502685547,14.746730814177567,19.015879257497893,2.645443289254795,"13:54"
465976,"30.46","38.44",20.25379180908203,14.739670590373184,19.281383704051777,2.6834890663119,"13:55"
465978,"30.61","38.69",20.41961669921875,14.97314927676127,19.360272515621695,2.6957272334419304,"13:56"
465980,"30.65","37.45",20.196380615234375,14.504118086454445,19.794784131270003,2.756533524165719,"13:57"
465982,"30.59","39.09",20.48583984375,15.115673214208668,19.213078763384903,2.6750078419880667,"13:58"
465984,"30.52","39.45",20.504531860351562,15.195494922609692,19.027010538907838,2.6486079944944385,"13:59"
465986,"30.47","39.21",20.41748046875,15.056188916299751,19.05056772086191,2.6515063311422473,"14:00"
465988,"30.52","38.71",20.35472869873047,14.901556582581717,19.25954543236435,2.6809487986983997,"14:01"
465990,"30.57","38.18",20.2850341796875,14.732068089910216,19.478947588651938,2.7118807429193366,"14:02"
465992,"30.62","39.56",20.60413360595703,15.32804303141773,19.09591467786835,2.6590190153003608,"14:03"
465994,"30.70","40.83",20.92243194580078,15.892538374631135,18.776025092806,2.615047526577512,"14:04"
465996,"30.82","38.57",20.556602478027344,15.111949279223522,19.620453760906063,2.733662641213068,"14:05"
465998,"30.97","41.13",21.194000244140625,16.249028694251983,18.95619222315313,2.6422353356702866,"14:06"
466000,"30.91","36.90",20.27996063232422,14.505282286831997,20.25235894140136,2.822459451720328,"14:07"
466002,"30.68","37.69",20.268478393554688,14.62924699242153,19.75097107796371,2.750681964636832,"14:08"
466004,"30.52","39.01",20.415611267089844,15.021407304101158,19.165274529611715,2.667827097708021,"14:09"
466006,"30.41","39.27",20.38330078125,15.026497710397448,18.96974834989829,2.6397666599787937,"14:10"
466008,"30.38","41.16",20.738449096679688,15.732172701291608,18.34940169188333,2.5532111036833833,"14:11"
466010,"30.41","40.54",20.638046264648438,15.521544908858402,18.573048524369376,2.5845983507800883,"14:12"
466012,"30.35","41.13",20.709075927734375,15.6940107827794,18.328800151556997,2.5500535515034914,"14:13"
466014,"30.34","40.73",20.621490478515625,15.532067402272427,18.443293113652686,2.5660022469238952,"14:14"
466016,"30.36","40.00",20.491180419921875,15.267990807345008,18.690791258496,2.60061996241316,"14:15"
466018,"30.41","42.49",21.024703979492188,16.256211434798637,17.963942493045455,2.499835998161946,"14:16"
466020,"30.56","39.62",20.569686889648438,15.297827817784642,19.014881621513084,2.6472754384923745,"14:17"
466022,"30.69","40.43",20.83404541015625,15.729531301889505,18.89269902501117,2.631281333002518,"14:18"
466024,"30.84","40.81",21.027908325195312,16.010526372139143,18.925511827590334,2.636894885044285,"14:19"
466026,"31.08","39.37",20.921096801757812,15.663049311434717,19.639436943844416,2.738377766677121,"14:20"
466028,"31.28","38.22",20.837249755859375,15.378971853637735,20.229321813023617,2.822289264672418,"14:21"
466030,"31.47","38.04",20.944862365722656,15.473525451371598,20.497168086555483,2.8614000114344047,"14:22"
466032,"31.60","37.71",20.974769592285156,15.452968960523627,20.751054745143996,2.898004403027798,"14:23"
466034,"31.67","36.98",20.873565673828125,15.21105349000425,21.07343152955314,2.943585981592405,"14:24"
466036,"31.75","37.73",21.093597412109375,15.594253932197091,20.912355936875002,2.9217936305602414,"14:25"
466038,"31.78","37.60",21.088790893554688,15.566753822494169,20.989810909217283,2.932970379593962,"14:26"
466040,"31.71","37.05",20.91869354248047,15.275543301436874,21.095333435505324,2.947057473089069,"14:27"
466042,"31.71","36.71",20.846328735351562,15.132412128820514,21.209271693933786,2.9629446329991334,"14:28"
466044,"31.47","38.57",21.055946350097656,15.689589825315695,20.3218372426905,2.836900562333201,"14:29"
466046,"31.38","41.94",21.67999267578125,16.923420079867117,19.11406506848835,2.667558363238546,"14:30"
466048,"31.29","41.30",21.47918701171875,16.60058578408306,19.23117778048048,2.6831808153890764,"14:31"
466050,"31.19","41.28",21.39667510986328,16.503249451788225,19.13415100228493,2.6688095364464814,"14:32"
466052,"31.00","41.03",21.19720458984375,16.237621217806353,19.019246177,2.6513307837446,"14:33"
466054,"30.86","42.48",21.378250122070312,16.65734909004204,18.41148606114163,2.5654857925699823,"14:34"
466056,"30.82","41.44",21.138992309570312,16.232554074858818,18.70378922739149,2.6059291418511092,"14:35"
466058,"30.80","41.64",21.163291931152344,16.289945385170345,18.619712199071998,2.5940730854553755,"14:36"
466060,"30.78","43.63",21.542739868164062,17.006031823591982,17.965312467882868,2.502772829669529,"14:37"
466062,"30.81","44.85",21.806297302246094,17.46902444271741,17.60510558839064,2.452765684342497,"14:38"
466064,"30.82","43.96",21.639671325683594,17.161123462051073,17.898913051622593,2.4938278879844438,"14:39"
466066,"30.83","42.90",21.438064575195312,16.785219514529842,18.247359654312717,2.542416472594506,"14:40"
466068,"30.77","42.04",21.219635009765625,16.41303970908959,18.462036855886847,2.571822171379108,"14:41"
466070,"30.68","41.56",21.053009033203125,16.152024396370727,18.524261752466685,2.579820970764524,"14:42"
466072,"30.62","42.48",21.18865966796875,16.44152057589125,18.173345669606018,2.530570715186153,"14:43"
466074,"30.58","41.55",20.972633361816406,16.058747010830306,18.42709829918104,2.5655525943348163,"14:44"
466076,"30.59","42.28",21.125640869140625,16.340973691797473,18.206844626868765,2.534894808621127,"14:45"
466078,"30.62","45.58",21.79534912109375,17.552401513469388,17.19390596905354,2.394189707751041,"14:46"
466080,"30.64","41.99",21.10748291015625,16.277923807645514,18.34807591314118,2.5549137427196307,"14:47"
466082,"30.56","42.34",21.113624572753906,16.3358297100368,18.158298679967615,2.52799287474996,"14:48"
466084,"30.58","43.44",21.346206665039062,16.756808591761864,17.83125200687219,2.482634311092541,"14:49"
466086,"30.59","44.66",21.592941284179688,17.203094929288405,17.456111948214094,2.4303788707075937,"14:50"
466088,"30.61","43.87",21.454620361328125,16.939417089770505,17.724548952892604,2.467922100397095,"14:51"
466090,"30.62","42.15",21.123504638671875,16.31959767685138,18.27760860547128,2.545030337359966,"14:52"
466092,"30.60","43.64",21.40148162841797,16.84739457461723,17.787513896416,2.4766742802950383,"14:53"
466094,"30.69","44.24",21.590805053710938,17.14393406004577,17.68435282247142,2.462972480123114,"14:54"
466096,"30.80","42.07",21.24927520751953,16.45123172064975,18.482521036536,2.5749557557051377,"14:55"
466098,"30.76","42.10",21.22364044189453,16.426299313105257,18.43292579098944,2.567747524721266,"14:56"
466100,"30.60","43.87",21.446609497070312,16.930319788023063,17.714924680728004,2.4665562348615153,"14:57"
466102,"30.46","45.76",21.701087951660156,17.46980221985563,16.988665563803906,2.36440873084805,"14:58"
466104,"30.37","41.59",20.815887451171875,15.885637370061065,18.205392968360925,2.533050388784768,"14:59"
466106,"30.23","42.97",20.976638793945312,16.270809928969452,17.640236552764534,2.4534548518236905,"15:00"
466108,"30.14","44.80",21.2591552734375,16.845010009835228,16.990603197223685,2.3624950344527282,"15:01"
466110,"30.06","44.56",21.149139404296875,16.688344435252347,16.99013933181734,2.3618116271840166,"15:02"
466112,"30.01","44.13",21.02630615234375,16.490240021319384,17.075234380653235,2.373371058170982,"15:03"
466114,"29.90","45.20",21.14299774169922,16.767689028387682,16.647845955119998,2.3131988046337266,"15:04"
466116,"29.88","43.85",20.868759155273438,16.272754022847845,17.039322645350076,2.367492878980331,"15:05"
466118,"29.86","42.47",20.586776733398438,15.754478984117895,17.439014062496046,2.4228471123367865,"15:06"
466120,"29.80","41.96",20.440444946289062,15.511832007318647,17.535953892128003,2.4359709147054858,"15:07"
466122,"29.77","42.19",20.46154022216797,15.570278033156507,17.437807664009327,2.422057280275138,"15:08"
466124,"29.74","43.41",20.673294067382812,15.989072282779826,17.041794859964178,2.3668289788723795,"15:09"
466126,"29.74","44.43",20.86822509765625,16.352887079622803,16.734626972401646,2.324185243591709,"15:10"
466128,"29.71","42.71",20.514678955078125,15.707472272675949,17.224276553713782,2.392045971052167,"15:11"
466130,"29.76","42.59",20.531234741210938,15.708926538857483,17.307674715923774,2.403908358659844,"15:12"
466132,"29.81","43.45",20.736312866210938,16.066133286448785,17.09512375192128,2.3747592953791963,"15:13"
466134,"29.86","42.86",20.66234588623047,15.89747929196057,17.320793734243424,2.4064076461384483,"15:14"
466136,"29.92","42.54",20.647659301757812,15.834074775285787,17.475030732684928,2.428310057541082,"15:15"
466138,"30.01","42.38",20.687713623046875,15.856381831935993,17.610077054112033,2.447679283096069,"15:16"
466140,"30.06","42.72",20.79345703125,16.026472377950103,17.554025629987322,2.440209271513028,"15:17"
466142,"30.18","41.71",20.690383911132812,15.760131420334881,17.980892564017005,2.500477565912749,"15:18"
466144,"30.36","41.73",20.835647583007812,15.92906577447491,18.15187344387603,2.525585885621475,"15:19"
466146,"30.55","40.98",20.83538055419922,15.815706650359582,18.576493044694004,2.586075902570596,"15:20"
466148,"30.79","41.71",21.16943359375,16.307296084586216,18.587298650924613,2.589436020325345,"15:22"
466150,"31.04","39.60",20.937118530273438,15.717947469937315,19.522657530140158,2.721796933055285,"15:23"
466152,"31.26","38.18",20.813217163085938,15.34418020858269,20.220580928645155,2.820972592438012,"15:24"
466154,"31.50","38.51",21.066360473632812,15.691761923703128,20.374580833750002,2.844511832421275,"15:25"
466156,"31.72","37.05",20.926437377929688,15.284675563032188,21.10667327010976,2.9486593713514266,"15:26"
466158,"31.94","36.90",21.061019897460938,15.4151913945695,21.408307577617443,2.9929205463015425,"15:27"
466160,"32.13","37.29",21.289596557617188,15.747912229299384,21.493664948136036,3.006493950054945,"15:28"
466162,"32.28","35.96",21.114959716796875,15.313864393499422,22.12632202154829,3.096475233841977,"15:29"
466164,"32.44","35.97",21.23779296875,15.459268368497092,22.31270770469267,3.1240917335133718,"15:30"
466166,"32.61","37.14",21.622314453125,16.109078909592778,22.104441845331774,3.0966625033502475,"15:31"
466168,"32.72","35.18",21.273574829101562,15.359421487936384,22.927556344538495,3.213077015973872,"15:32"
466170,"32.84","34.92",21.305084228515625,15.348735411330853,23.166900324509957,3.247880425354915,"15:33"
466172,"32.94","34.25",21.229248046875,15.135338379037062,23.530075830062795,3.2998538889763416,"15:34"
466174,"32.96","34.12",21.214828491210938,15.093908992752507,23.601647616046847,3.3100930797603425,"15:35"
466176,"33.00","34.53",21.337127685546875,15.314665569942694,23.504613845,3.2968393905889117,"15:36"
466178,"32.96","33.33",21.035385131835938,14.729878932072415,23.884666766269632,3.3498371103787337,"15:37"
466180,"32.77","34.20",21.091461181640625,14.963409148663015,23.336186562855044,3.2708994097925683,"15:38"
466182,"32.60","34.36",21.001205444335938,14.887523682479975,23.069722917024002,3.2317171291100664,"15:39"
466184,"32.46","33.52",20.709609985351562,14.381833957619577,23.19120065859341,3.247321656881531,"15:40"
466186,"32.38","33.52",20.65032958984375,14.311504263339293,23.092390493874817,3.2327765611427366,"15:41"
466188,"32.29","34.46",20.79265594482422,14.660664501508647,22.656688966106813,3.1708845031193116,"15:42"
466190,"32.30","34.53",20.81562042236328,14.700951302201098,22.644588022553997,3.169239795697759,"15:43"
466192,"32.19","34.39",20.702667236328125,14.541276769224423,22.559944049106264,3.156343444374335,"15:45"
466194,"32.17","36.76",21.205482482910156,15.559401925140172,21.721767644029633,3.0388464679622182,"15:46"
466196,"32.21","34.80",20.807876586914062,14.742301887475476,22.44296143540992,3.1401887406492532,"15:47"
466198,"32.24","35.44",20.971031188964844,15.051861295669358,22.258341387293186,3.1145726265600358,"15:48"
466200,"32.28","34.33",20.756607055664062,14.593681664731841,22.689499799423423,3.175293610506559,"15:49"
466202,"32.30","35.08",20.937118530273438,14.946387914025376,22.454355497544,3.142577509343879,"15:50"