"id","value","liquid","light","update_time"
2363553,"0.00","205.43","0","00:00:00"
2363571,"0.00","207.05","0","00:01:00"
2363589,"0.00","206.41","0","00:02:00"
"-","-","-","0","00:03"
2363628,"0.00","203.59","0","00:04:00"
2363646,"0.00","205.69","0","00:05:00"
2363665,"0.00","206.80","0","00:06:00"
2363685,"0.00","206.86","0","00:07:00"
2363704,"0.00","207.58","0","00:08:00"
2363723,"0.00","207.69","0","00:09:00"
2363741,"0.00","208.67","0","00:10:00"
2363759,"0.00","207.47","0","00:11:00"
2363778,"0.00","207.27","0","00:12:00"
2363797,"0.00","206.63","0","00:13:00"
2363814,"0.00","207.74","0","00:14:00"
2363833,"0.00","206.56","0","00:15:00"
2363854,"0.00","207.33","0","00:16:00"
2363872,"0.00","208.45","0","00:17:00"
2363891,"0.00","206.90","0","00:18:00"
2363911,"0.00","206.92","0","00:19:00"
2363928,"0.00","207.52","0","00:20:00"
2363948,"0.00","207.84","0","00:21:00"
"-","-","-","0","00:22"
2363983,"0.00","207.57","0","00:23:00"
2364001,"0.00","207.53","0","00:24:00"
"-","-","-","0","00:25"
2364038,"0.00","208.95","0","00:26:00"
2364059,"0.00","208.02","0","00:27:00"
2364077,"0.00","207.80","0","00:28:00"
2364095,"0.00","209.07","0","00:29:00"
2364116,"0.00","209.26","0","00:30:00"
2364131,"0.00","207.84","0","00:31:00"
2364151,"0.00","207.59","0","00:32:00"
2364169,"0.00","207.18","0","00:33:00"
2364186,"0.00","207.99","0","00:34:00"
2364205,"0.00","209.26","0","00:35:00"
2364223,"0.00","208.61","0","00:36:00"
2364242,"0.00","208.52","0","00:37:00"
2364261,"0.00","207.77","0","00:38:00"
2364278,"0.00","209.62","0","00:39:00"
2364296,"0.00","208.90","0","00:40:00"
"-","-","-","0","00:41"
2364333,"0.00","210.62","0","00:42:00"
2364352,"0.00","210.39","0","00:43:00"
2364370,"0.00","210.62","0","00:44:00"
2364388,"0.00","210.21","0","00:45:00"
2364405,"0.00","209.30","0","00:46:00"
2364425,"0.00","208.94","0","00:47:00"
2364445,"0.00","208.70","0","00:48:00"
2364461,"0.00","208.20","0","00:49:00"
2364478,"0.00","208.03","0","00:50:00"
"-","-","-","0","00:51"
2364515,"0.00","207.91","0","00:52:00"
2364535,"0.00","207.47","0","00:53:00"
2364555,"0.00","208.62","0","00:54:00"
2364571,"0.00","208.77","0","00:55:00"
2364591,"0.00","209.24","0","00:56:00"
2364609,"0.00","208.41","0","00:57:00"
2364628,"0.00","207.80","0","00:58:00"
"-","-","-","0","00:59"
2364665,"0.00","208.35","0","01:00:00"
2364685,"0.00","209.84","0","01:01:00"
2364704,"0.00","210.09","0","01:02:00"
2364726,"0.00","210.57","0","01:03:00"
2364743,"0.00","208.75","0","01:04:00"
2364761,"0.00","209.10","0","01:05:00"
2364783,"0.00","208.66","0","01:06:00"
2364800,"0.00","208.80","0","01:07:00"
2364819,"0.00","209.26","0","01:08:00"
2364839,"0.00","209.55","0","01:09:00"
2364857,"0.00","209.45","0","01:10:00"
2364875,"0.00","209.28","0","01:11:00"
2364895,"0.00","208.90","0","01:12:00"
2364915,"0.00","208.67","0","01:13:00"
2364932,"0.00","209.26","0","01:14:00"
2364951,"0.00","209.57","0","01:15:00"
2364968,"0.00","209.52","0","01:16:00"
2364988,"0.00","209.10","0","01:17:00"
2365007,"0.00","209.39","-","01:18:00"
2365024,"0.00","209.35","0","01:19:00"
2365044,"0.00","209.90","0","01:20:00"
2365063,"0.00","210.27","0","01:21:00"
2365079,"0.00","210.97","0","01:22:00"
2365099,"0.00","210.56","0","01:23:00"
2365120,"0.00","210.87","0","01:24:00"
2365136,"0.00","210.24","0","01:25:00"
2365154,"0.00","210.33","0","01:26:00"
"-","-","-","0","01:27"
2365192,"0.00","211.01","0","01:28:00"
2365209,"0.00","210.73","0","01:29:00"
"-","-","-","0","01:30"
2365246,"0.00","210.90","0","01:31:00"
2365266,"0.00","210.23","0","01:32:00"
"-","-","-","0","01:33"
2365306,"0.00","211.23","0","01:34:00"
2365324,"0.00","211.39","0","01:35:00"
"-","-","-","0","01:36"
2365359,"0.00","211.18","0","01:37:00"
2365379,"0.00","210.98","0","01:38:00"
"-","-","-","0","01:39"
2365416,"0.00","210.66","0","01:40:00"
2365433,"0.00","210.54","0","01:41:00"
2365450,"0.00","211.07","0","01:42:00"
2365471,"0.00","210.91","0","01:43:00"
2365490,"0.00","210.46","0","01:44:00"
2365507,"0.00","211.14","0","01:45:00"
2365528,"0.00","211.70","0","01:46:00"
2365548,"0.00","211.29","0","01:47:00"
2365564,"0.00","210.41","0","01:48:00"
2365584,"0.00","211.09","0","01:49:00"
"-","-","-","0","01:50"
2365619,"0.00","212.14","0","01:51:00"
2365638,"0.00","211.63","0","01:52:00"
"-","-","-","0","01:53"
2365675,"0.00","212.11","0","01:54:00"
2365695,"0.00","210.84","0","01:55:00"
2365712,"0.00","210.70","0","01:56:00"
2365731,"0.00","211.03","0","01:57:00"
2365751,"0.00","211.96","0","01:58:00"
2365769,"0.00","211.27","0","01:59:00"
2365787,"0.00","211.99","0","02:00:00"
2365806,"0.00","211.16","0","02:01:00"
2365824,"0.00","211.60","0","02:02:00"
2365842,"0.00","211.85","0","02:03:00"
2365857,"0.00","212.19","0","02:04:00"
2365877,"0.00","210.34","0","02:05:00"
2365892,"0.00","211.27","0","02:06:00"
2365911,"0.00","211.47","0","02:07:00"
2365929,"0.00","211.91","0","02:08:00"
2365949,"0.00","211.22","0","02:09:00"
2365967,"0.00","211.97","0","02:10:00"
2365984,"0.00","212.82","0","02:11:00"
2366004,"0.00","213.39","0","02:12:00"
2366022,"0.00","212.07","0","02:13:00"
2366042,"0.00","212.08","0","02:14:00"
2366061,"0.00","211.82","0","02:15:00"
2366078,"0.00","212.09","0","02:16:00"
2366099,"0.00","211.68","0","02:17:00"
2366115,"0.00","212.55","1","02:18:00"
2366135,"0.00","213.11","0","02:19:00"
2366156,"0.00","212.90","0","02:20:00"
2366171,"0.00","212.72","0","02:21:00"
2366192,"0.00","213.08","0","02:22:00"
"-","-","-","0","02:23"
2366227,"0.00","213.19","0","02:24:00"
2366247,"0.00","212.22","0","02:25:00"
2366264,"0.00","213.04","0","02:26:00"
2366284,"0.00","213.19","0","02:27:00"
2366303,"0.00","212.70","0","02:28:00"
2366317,"0.00","212.77","0","02:29:00"
2366329,"0.00","213.04","0","02:30:00"
2366340,"0.00","214.08","0","02:31:00"
2366353,"0.00","213.02","0","02:32:00"
2366364,"0.00","213.34","1","02:33:00"
2366377,"0.00","213.94","0","02:34:00"
2366391,"0.00","213.81","0","02:35:00"
2366404,"0.00","212.53","0","02:36:00"
2366416,"0.00","213.63","0","02:37:00"
2366430,"0.00","213.25","0","02:38:00"
2366441,"0.00","213.63","0","02:39:00"
2366455,"0.00","213.79","0","02:40:00"
"-","-","-","0","02:41"
2366479,"0.00","215.10","0","02:42:00"
"-","-","-","0","02:43"
2366504,"0.00","213.32","0","02:44:00"
2366517,"0.00","213.52","0","02:45:00"
2366528,"0.00","212.74","0","02:46:00"
2366543,"0.00","214.27","0","02:47:00"
2366552,"0.00","214.53","0","02:48:00"
2366566,"0.00","216.05","0","02:49:00"
2366579,"0.00","214.23","0","02:50:00"
2366593,"0.00","213.50","0","02:51:00"
2366607,"0.00","214.19","0","02:52:00"
2366620,"0.00","213.15","0","02:53:00"
2366634,"0.00","213.05","0","02:54:00"
2366643,"0.00","213.02","0","02:55:00"
2366657,"0.00","212.44","0","02:56:00"
2366668,"0.00","213.45","0","02:57:00"
2366683,"0.00","213.23","0","02:58:00"
2366696,"0.00","213.27","0","02:59:00"
2366708,"0.00","212.58","0","03:00:00"
2366721,"0.00","212.99","0","03:01:00"
"-","-","-","0","03:02"
2366746,"0.00","212.22","0","03:03:00"
2366760,"0.00","212.95","0","03:04:00"
2366771,"0.00","212.59","0","03:05:00"
2366784,"0.00","212.82","0","03:06:00"
2366797,"0.00","212.99","0","03:07:00"
2366809,"0.00","212.43","0","03:08:00"
2366822,"0.00","212.51","0","03:09:00"
2366836,"0.00","212.71","0","03:10:00"
2366848,"0.00","212.57","0","03:11:00"
2366861,"0.00","213.59","0","03:12:00"
2366872,"0.00","213.41","0","03:13:00"
2366886,"0.00","213.94","0","03:14:00"
2366896,"0.00","213.15","0","03:15:00"
2366910,"0.00","213.43","0","03:16:00"
2366925,"0.00","213.72","0","03:17:00"
2366938,"0.00","213.78","0","03:18:00"
2366952,"0.00","214.22","0","03:19:00"
2366964,"0.00","214.10","0","03:20:00"
2366976,"0.00","215.56","0","03:21:00"
2366989,"0.00","214.36","0","03:22:00"
2367001,"0.00","214.12","0","03:23:00"
2367013,"0.00","215.53","0","03:24:00"
2367026,"0.00","215.04","0","03:25:00"
2367039,"0.00","213.87","0","03:26:00"
2367053,"0.00","213.90","0","03:27:00"
2367066,"0.00","213.52","0","03:28:00"
2367080,"0.00","213.77","0","03:29:00"
2367091,"0.00","214.59","0","03:30:00"
2367104,"0.00","213.83","0","03:31:00"
2367115,"0.00","213.81","0","03:32:00"
2367130,"0.00","214.08","0","03:33:00"
2367143,"0.00","214.65","0","03:34:00"
2367155,"0.00","214.34","0","03:35:00"
2367167,"0.00","214.10","0","03:36:00"
2367180,"0.00","213.46","0","03:37:00"
2367190,"0.00","214.17","0","03:38:00"
2367205,"0.00","214.65","0","03:39:00"
2367218,"0.00","214.85","0","03:40:00"
2367230,"0.00","214.44","0","03:41:00"
2367242,"0.00","215.11","0","03:42:00"
2367255,"0.00","214.39","0","03:43:00"
2367269,"0.00","214.85","0","03:44:00"
2367282,"0.00","214.79","0","03:45:00"
2367295,"0.00","215.75","0","03:46:00"
2367309,"0.00","214.61","0","03:47:00"
2367320,"0.00","214.75","0","03:48:00"
2367334,"0.00","214.66","0","03:49:00"
"-","-","-","0","03:50"
2367358,"0.00","213.55","0","03:51:00"
2367370,"0.00","214.41","0","03:52:00"
2367383,"0.00","214.34","0","03:53:00"
2367396,"0.00","214.02","0","03:54:00"
2367411,"0.00","213.50","0","03:55:00"
2367422,"0.00","213.95","0","03:56:00"
2367435,"0.00","214.01","0","03:57:00"
2367446,"0.00","214.89","0","03:58:00"
2367459,"0.00","215.24","0","03:59:00"
2367472,"0.00","214.09","0","04:00:00"
2367486,"0.00","214.70","0","04:01:00"
2367500,"0.00","214.23","0","04:02:00"
2367512,"0.00","214.25","0","04:03:00"
2367524,"0.00","214.70","0","04:04:00"
2367537,"0.00","215.69","0","04:05:00"
2367548,"0.00","215.00","0","04:06:00"
2367561,"0.00","215.46","0","04:07:00"
2367573,"0.00","215.16","0","04:08:00"
2367587,"0.00","214.61","0","04:09:00"
2367601,"0.00","215.51","0","04:10:00"
2367614,"0.00","215.27","0","04:11:00"
2367627,"0.00","215.41","0","04:12:00"
2367640,"0.00","214.69","0","04:13:00"
2367653,"0.00","215.57","0","04:14:00"
2367665,"0.00","214.89","0","04:15:00"
2367677,"0.00","215.00","0","04:16:00"
2367690,"0.00","215.86","0","04:17:00"
2367703,"0.00","215.25","0","04:18:00"
2367716,"0.00","216.83","0","04:19:00"
2367729,"0.00","216.06","0","04:20:00"
2367744,"0.00","214.74","0","04:21:00"
2367755,"0.00","215.85","0","04:22:00"
2367768,"0.00","216.98","0","04:23:00"
"-","-","-","0","04:24"
2367792,"0.00","216.64","0","04:25:00"
2367804,"0.00","216.62","0","04:26:00"
2367815,"0.00","215.73","0","04:27:00"
2367829,"0.00","215.00","0","04:28:00"
2367843,"0.00","216.24","0","04:29:00"
2367854,"0.00","214.72","0","04:30:00"
2367866,"0.00","215.72","0","04:31:00"
2367880,"0.00","216.00","0","04:32:00"
2367890,"0.00","216.07","0","04:33:00"
2367902,"0.00","216.04","0","04:34:00"
2367915,"0.00","216.45","0","04:35:00"
2367929,"0.00","215.38","0","04:36:00"
2367942,"0.00","215.37","0","04:37:00"
2367954,"0.00","215.42","0","04:38:00"
2367965,"0.00","215.44","0","04:39:00"
2367979,"0.00","215.05","0","04:40:00"
2367991,"0.00","215.47","0","04:41:00"
2368006,"0.00","215.16","0","04:42:00"
2368017,"0.00","215.71","0","04:43:00"
2368031,"0.00","214.59","0","04:44:00"
2368045,"0.00","215.68","0","04:45:00"
2368056,"0.00","214.38","0","04:46:00"
2368068,"0.00","214.30","0","04:47:00"
2368082,"0.00","214.11","0","04:48:00"
2368092,"0.00","214.60","0","04:49:00"
2368105,"0.00","215.55","0","04:50:00"
2368118,"0.00","217.23","0","04:51:00"
2368130,"0.00","217.08","0","04:52:00"
2368144,"0.00","215.44","0","04:53:00"
2368157,"0.00","215.20","0","04:54:00"
2368170,"0.00","215.30","0","04:55:00"
2368184,"0.00","216.25","0","04:56:00"
2368195,"0.00","216.64","0","04:57:00"
2368211,"0.00","217.40","0","04:58:00"
2368224,"0.00","215.52","0","04:59:00"
2368235,"0.00","216.51","0","05:00:00"
2368249,"0.00","216.40","0","05:01:00"
2368262,"0.00","216.92","0","05:02:00"
2368275,"0.00","217.26","0","05:03:00"
2368288,"0.00","216.52","0","05:04:00"
2368302,"0.00","216.60","0","05:05:00"
2368314,"0.00","216.31","0","05:06:00"
2368327,"0.00","216.70","0","05:07:00"
2368340,"0.00","216.84","0","05:08:00"
2368351,"0.00","217.11","0","05:09:00"
2368364,"0.00","217.11","0","05:10:00"
"-","-","-","0","05:11"
2368388,"0.00","217.27","0","05:12:00"
2368402,"0.00","216.90","0","05:13:00"
2368412,"0.00","216.68","0","05:14:00"
2368425,"0.00","217.41","0","05:15:00"
2368438,"0.00","217.13","0","05:16:00"
2368449,"0.00","218.99","0","05:17:00"
2368462,"0.00","218.38","0","05:18:00"
2368475,"0.00","216.04","0","05:19:00"
2368487,"0.00","217.79","0","05:20:00"
2368500,"0.00","217.27","0","05:21:00"
2368511,"0.00","218.74","0","05:22:00"
2368524,"0.00","218.80","0","05:23:00"
2368538,"0.00","218.74","0","05:24:00"
2368550,"0.00","217.19","-","05:25:00"
2368563,"0.00","217.50","0","05:26:00"
2368577,"0.00","217.11","1","05:27:00"
2368590,"0.00","209.89","1","05:28:00"
2368603,"0.00","218.03","1","05:29:00"
2368614,"0.00","218.02","2","05:30:00"
2368627,"0.00","218.07","2","05:31:00"
2368640,"0.00","217.23","3","05:32:00"
2368651,"0.00","218.44","4","05:33:00"
2368666,"0.00","217.54","5","05:34:00"
2368679,"0.00","218.58","5","05:35:00"
2368690,"0.00","218.86","6","05:36:00"
2368703,"0.00","218.32","8","05:37:00"
2368716,"0.00","219.00","9","05:38:00"
2368728,"0.00","218.63","10","05:39:00"
2368742,"0.00","218.98","11","05:40:00"
"-","-","-","13","05:41"
2368767,"0.00","218.81","14","05:42:00"
2368779,"0.00","218.00","16","05:43:00"
2368792,"0.00","218.40","19","05:44:00"
2368805,"0.00","217.38","21","05:45:00"
2368818,"0.00","218.30","24","05:46:00"
2368829,"0.00","219.31","28","05:47:00"
2368841,"0.00","218.46","31","05:48:00"
2368856,"0.00","219.64","35","05:49:00"
2368868,"0.00","219.71","38","05:50:00"
2368880,"0.00","218.63","40","05:51:00"
2368892,"0.00","219.88","44","05:52:00"
2368906,"0.00","218.18","47","05:53:00"
2368919,"0.00","218.57","51","05:54:00"
2368933,"0.00","217.90","54","05:55:00"
2368944,"0.00","217.46","58","05:56:00"
2368958,"0.00","219.10","62","05:57:00"
2368970,"0.00","219.45","68","05:58:00"
2368982,"0.00","218.67","73","05:59:00"
2368996,"0.00","219.31","76","06:00:00"
2369010,"0.00","219.17","80","06:01:00"
2369024,"0.00","218.82","82","06:02:00"
2369037,"0.00","218.23","83","06:03:00"
2369050,"0.00","218.56","84","06:04:00"
2369062,"0.00","219.49","85","06:05:00"
2369074,"0.00","219.78","85","06:06:00"
2369089,"0.00","219.51","87","06:07:00"
2369102,"0.00","220.02","89","06:08:00"
2369116,"0.00","220.59","90","06:09:00"
2369130,"0.00","220.79","92","06:10:00"
2369142,"0.00","219.95","95","06:11:00"
2369153,"0.00","219.46","98","06:12:00"
2369166,"0.00","220.37","101","06:13:00"
2369178,"0.00","220.48","104","06:14:00"
2369191,"0.00","219.15","106","06:15:00"
2369204,"0.00","220.07","109","06:16:00"
2369218,"0.00","220.17","112","06:17:00"
2369232,"0.00","221.08","116","06:18:00"
2369244,"0.00","220.55","120","06:19:00"
2369258,"0.00","220.61","124","06:20:00"
2369271,"0.00","219.29","130","06:21:00"
2369285,"0.00","220.37","135","06:22:00"
2369297,"0.00","219.36","141","06:23:00"
2369309,"0.00","219.55","148","06:24:00"
2369322,"0.00","219.70","155","06:25:00"
2369335,"0.00","220.48","163","06:26:00"
2369350,"0.00","218.96","170","06:27:00"
"-","-","-","178","06:28"
2369375,"0.00","220.06","186","06:29:00"
2369387,"0.00","220.55","194","06:30:00"
"-","-","-","204","06:31"
2369412,"0.00","220.70","213","06:32:00"
2369424,"0.00","220.77","224","06:33:00"
2369437,"0.00","219.86","234","06:34:00"
2369451,"0.00","219.64","244","06:35:00"
2369465,"0.00","218.53","254","06:36:00"
2369476,"0.00","218.53","263","06:37:00"
2369488,"0.00","218.65","272","06:38:00"
"-","-","-","281","06:39"
2369513,"0.00","220.13","292","06:40:00"
2369525,"0.00","220.78","304","06:41:00"
2369538,"0.00","220.48","320","06:42:00"
2369553,"0.00","220.55","334","06:43:00"
2369565,"0.00","220.92","352","06:44:00"
2369578,"0.00","220.13","373","06:45:00"
2369591,"0.00","221.38","393","06:46:00"
2369605,"0.00","220.98","416","06:47:00"
2369617,"0.00","221.14","439","06:48:00"
"-","-","-","463","06:49"
2369642,"0.00","221.05","488","06:50:00"
2369656,"0.00","220.81","514","06:51:00"
2369668,"0.00","220.52","540","06:52:00"
2369682,"0.00","219.76","562","06:53:00"
"-","-","-","580","06:54"
2369708,"0.00","220.94","595","06:55:00"
2369721,"0.00","218.49","610","06:56:00"
2369731,"0.00","221.09","621","06:57:00"
2369744,"0.00","221.87","631","06:58:00"
2369757,"0.00","220.74","640","06:59:00"
2369769,"0.00","220.57","659","07:00:00"
2369782,"0.00","220.69","685","07:01:00"
2369795,"0.00","221.57","715","07:02:00"
2369807,"0.00","220.58","745","07:03:00"
2369820,"0.00","220.09","769","07:04:00"
2369834,"0.00","223.92","786","07:05:00"
2369848,"0.00","224.76","799","07:06:00"
2369862,"0.00","224.85","819","07:07:00"
2369874,"0.00","223.88","844","07:08:00"
2369887,"0.00","224.09","869","07:09:00"
2369900,"0.00","224.41","906","07:10:00"
2369910,"0.00","225.08","949","07:11:00"
2369924,"0.00","225.46","1000","07:12:00"
2369936,"0.00","226.31","1055","07:13:00"
2369947,"0.00","224.83","1120","07:14:00"
2369960,"0.00","225.38","1187","07:15:00"
2369973,"0.00","224.90","1251","07:16:00"
2369984,"0.00","224.43","1318","07:17:00"
2369997,"0.00","226.46","1382","07:18:00"
2370008,"0.00","225.50","1437","07:19:00"
2370023,"0.00","225.45","1484","07:20:00"
2370037,"0.00","225.51","1531","07:21:00"
2370049,"0.00","224.74","1579","07:22:00"
2370062,"0.00","224.18","1629","07:23:00"
2370075,"0.00","224.65","1676","07:24:00"
2370085,"0.00","225.43","1711","07:25:00"
2370098,"0.00","224.89","1739","07:26:00"
2370110,"0.00","226.52","1756","07:27:00"
2370122,"0.00","225.54","1771","07:28:00"
2370135,"0.00","225.64","1808","07:29:00"
2370148,"0.00","223.95","1868","07:30:00"
2370161,"0.00","222.61","1939","07:31:00"
2370176,"0.00","223.46","2019","07:32:00"
2370189,"0.00","223.67","2110","07:33:00"
2370202,"0.00","222.90","2187","07:34:00"
2370216,"0.00","224.50","2242","07:35:00"
2370226,"0.00","223.70","2283","07:36:00"
2370239,"0.00","223.04","2298","07:37:00"
2370253,"0.00","223.76","2305","07:38:00"
2370264,"0.00","223.79","2293","07:39:00"
2370277,"0.00","224.23","2284","07:40:00"
2370291,"0.00","223.80","2290","07:41:00"
2370303,"0.00","223.24","2304","07:42:00"
2370317,"0.00","224.39","2329","07:43:00"
2370327,"0.00","224.96","2357","07:44:00"
2370341,"0.00","227.55","2381","07:45:00"
2370353,"0.00","226.11","2401","07:46:00"
2370366,"0.00","224.65","2405","07:47:00"
2370379,"0.00","226.89","2405","07:48:00"
2370393,"0.00","225.74","2396","07:49:00"
2370406,"0.00","226.51","2397","07:50:00"
2370418,"0.00","225.93","2405","07:51:00"
"-","-","-","2414","07:52"
2370441,"0.00","226.33","2438","07:53:00"
2370454,"0.00","225.39","2467","07:54:00"
2370465,"0.00","226.50","2491","07:55:00"
2370476,"0.00","227.35","2519","07:56:00"
2370490,"0.00","226.41","2535","07:57:00"
2370503,"0.00","226.64","2565","07:58:00"
2370515,"0.00","226.91","2614","07:59:00"
2370527,"0.00","225.20","2647","08:00:00"
2370540,"0.00","225.43","2666","08:01:00"
2370554,"0.00","225.54","2698","08:02:00"
2370565,"0.00","225.78","2765","08:03:00"
2370579,"0.00","227.10","2870","08:04:00"
2370593,"0.00","226.29","3013","08:05:00"
2370607,"0.00","227.92","3176","08:06:00"
2370620,"0.00","227.92","3354","08:07:00"
2370632,"0.00","228.59","3476","08:08:00"
2370646,"0.00","230.00","3391","08:09:00"
2370658,"0.00","230.14","3161","08:10:00"
2370669,"0.00","229.70","2892","08:11:00"
2370684,"0.00","230.69","2715","08:12:00"
"-","-","-","2638","08:13"
2370708,"0.00","232.60","2639","08:14:00"
2370721,"0.00","229.23","2668","08:15:00"
2370733,"0.00","229.91","2706","08:16:00"
2370745,"0.00","230.23","2720","08:17:00"
"-","-","-","2714","08:18"
2370771,"0.00","230.55","2714","08:19:00"
2370783,"0.00","230.64","2760","08:20:00"
2370793,"0.00","228.43","2845","08:21:00"
2370807,"0.00","226.58","2993","08:22:00"
2370820,"0.00","230.34","3160","08:23:00"
2370833,"0.00","228.98","3334","08:24:00"
2370845,"0.00","230.99","3521","08:25:00"
2370857,"0.00","230.58","3689","08:26:00"
2370871,"0.00","230.24","3894","08:27:00"
2370884,"0.00","228.25","4080","08:28:00"
2370897,"0.00","230.25","4137","08:29:00"
2370910,"0.00","230.88","4066","08:30:00"
2370923,"0.00","229.20","3864","08:31:00"
2370936,"0.00","229.56","3698","08:32:00"
2370947,"0.00","228.85","3543","08:33:00"
2370961,"0.00","226.84","3510","08:34:00"
2370976,"0.00","227.83","3584","08:35:00"
2370987,"0.00","224.02","3758","08:36:00"
2370998,"0.00","222.64","3934","08:37:00"
2371013,"0.00","221.30","4173","08:38:00"
2371024,"0.00","221.58","4381","08:39:00"
2371039,"0.00","220.06","4246","08:40:00"
2371051,"0.00","216.39","4239","08:41:00"
2371065,"0.00","217.35","4240","08:42:00"
2371077,"0.00","216.74","4285","08:43:00"
2371088,"0.00","217.33","4992","08:44:00"
2371102,"0.00","218.93","4392","08:45:00"
2371118,"0.00","215.64","4017","08:46:00"
2371131,"0.00","216.53","4216","08:47:00"
2371147,"0.00","214.67","4581","08:48:00"
2371164,"0.00","215.61","4992","08:49:00"
2371179,"0.00","218.28","5527","08:50:00"
2371194,"0.00","219.49","6194","08:51:00"
2371207,"0.00","215.74","6438","08:52:00"
2371216,"0.00","214.14","7238","08:53:00"
2371224,"0.00","211.60","7044","08:54:00"
2371238,"0.00","215.96","7845","08:55:00"
2371252,"0.00","216.33","5480","08:56:00"
2371268,"0.00","213.17","4079","08:57:00"
2371278,"0.00","214.33","4080","08:58:00"
2371287,"0.00","213.03","4074","08:59:00"
2371296,"0.00","213.97","3868","09:00:00"
2371308,"0.00","213.13","3625","09:01:00"
2371323,"0.00","211.77","3489","09:02:00"
2371333,"0.00","214.34","3267","09:03:00"
2371347,"0.00","215.38","3461","09:04:00"
2371357,"0.00","214.01","3471","09:05:00"
2371373,"0.00","214.54","3529","09:06:00"
2371381,"0.00","213.32","3376","09:07:00"
2371396,"0.00","213.99","3405","09:08:00"
"-","-","-","3822","09:09"
2371421,"0.00","211.77","4224","09:10:00"
2371434,"0.00","212.29","4418","09:11:00"
2371446,"0.00","213.77","4251","09:12:00"
2371458,"0.00","213.24","3703","09:13:00"
2371478,"0.00","213.19","3034","09:14:00"
2371494,"0.00","212.34","2421","09:15:00"
2371513,"0.00","213.18","2130","09:16:00"
2371532,"0.00","212.99","2105","09:17:00"
2371550,"0.00","212.02","2232","09:18:00"
2371566,"0.00","212.07","2310","09:19:00"
2371586,"0.00","208.25","2230","09:20:00"
2371605,"0.00","211.95","2204","09:21:00"
2371625,"0.00","211.46","2278","09:22:00"
2371641,"0.00","211.44","2475","09:23:00"
2371662,"0.00","210.59","2695","09:24:00"
2371683,"0.00","211.51","2842","09:25:00"
2371699,"0.00","211.73","2898","09:26:00"
2371719,"0.00","210.70","2838","09:27:00"
2371739,"0.00","212.27","2924","09:28:00"
2371757,"0.00","212.25","3321","09:29:00"
2371777,"0.00","211.02","3850","09:30:00"
2371797,"0.00","211.79","4510","09:31:00"
2371815,"0.00","211.23","-","09:32:00"
2371835,"0.00","208.10","5248","09:33:00"
2371853,"0.00","207.37","5327","09:34:00"
2371873,"0.00","210.06","4115","09:35:00"
2371890,"0.00","210.54","3028","09:36:00"
2371909,"0.00","209.75","2687","09:37:00"
2371925,"0.00","209.69","2698","09:38:00"
2371940,"0.00","209.88","2995","09:39:00"
2371959,"0.00","209.59","3611","09:40:00"
2371979,"0.00","211.91","4356","09:41:00"
2371997,"0.00","210.27","4637","09:42:00"
2372022,"0.00","208.53","4618","09:43:00"
2372040,"0.00","209.22","4338","09:44:00"
2372059,"0.00","209.83","3894","09:45:00"
2372080,"0.00","209.16","3630","09:46:00"
2372099,"0.00","209.95","3835","09:47:00"
2372118,"0.00","208.33","4278","09:48:00"
"-","-","-","4411","09:49"
2372147,"0.00","208.95","4350","09:50:00"
2372168,"0.00","206.24","4295","09:51:00"
"-","-","-","4105","09:52"
2372203,"0.00","206.90","3814","09:53:00"
2372224,"0.00","206.87","3495","09:54:00"
2372240,"0.00","204.40","3160","09:55:00"
2372259,"0.00","204.34","2845","09:56:00"
2372280,"0.00","203.76","2435","09:57:00"
2372297,"0.00","202.38","2061","09:58:00"
2372314,"0.00","202.84","1763","09:59:00"
2372334,"0.00","201.13","1528","10:00:00"
2372353,"0.00","198.47","1371","10:01:00"
2372368,"0.00","197.00","1249","10:02:00"
2372388,"0.00","197.20","1130","10:03:00"
2372408,"0.00","196.98","990","10:04:00"
2372425,"0.00","198.91","867","10:05:00"
2372443,"0.00","198.81","800","10:06:00"
2372460,"0.00","195.93","746","10:07:00"
2372479,"0.00","194.18","727","10:08:00"
2372496,"0.00","189.50","702","10:09:00"
2372516,"0.00","189.34","671","10:10:00"
2372537,"0.00","192.82","651","10:11:00"
2372552,"0.00","193.96","650","10:12:00"
2372573,"0.00","194.97","743","10:13:00"
2372594,"0.00","196.05","902","10:14:00"
2372610,"0.00","196.84","1113","10:15:00"
2372632,"0.00","198.08","1153","10:16:00"
2372650,"0.00","198.80","970","10:17:00"
2372669,"0.00","195.32","855","10:18:00"
2372686,"0.00","194.06","921","10:19:00"
"-","-","-","964","10:20"
2372722,"0.00","185.69","874","10:21:00"
2372743,"0.00","185.14","811","10:22:00"
"-","-","-","957","10:23"
2372778,"0.00","188.44","1154","10:24:00"
2372798,"0.00","189.67","1122","10:25:00"
2372815,"0.00","183.51","983","10:26:00"
2372836,"0.00","186.80","834","10:27:00"
2372856,"0.00","187.64","799","10:28:00"
2372873,"0.00","189.37","889","10:29:00"
2372891,"0.00","190.84","859","10:30:00"
2372913,"0.00","190.97","752","10:31:00"
2372929,"0.00","192.56","760","10:32:00"
2372946,"0.00","193.83","771","10:33:00"
2372968,"0.00","193.90","772","10:34:00"
2372987,"0.00","191.38","875","10:35:00"
2373006,"0.00","192.60","1133","10:36:00"
2373028,"0.00","192.97","1405","10:37:00"
2373044,"0.00","193.28","1659","10:38:00"
2373066,"0.00","192.48","1838","10:39:00"
2373084,"0.00","191.24","1769","10:40:00"
2373104,"0.00","193.21","1657","10:41:00"
2373123,"0.00","192.98","1537","10:42:00"
2373140,"0.00","193.67","1435","10:43:00"
2373159,"0.00","194.52","1433","10:44:00"
2373180,"0.00","196.81","1869","10:45:00"
2373194,"0.00","198.64","2519","10:46:00"
2373215,"0.00","200.08","2898","10:47:00"
2373234,"0.00","201.25","2839","10:48:00"
2373252,"0.00","203.02","2961","10:49:00"
2373270,"0.00","204.77","3662","10:50:00"
"-","-","-","4132","10:51"
2373306,"0.00","206.44","4014","10:52:00"
2373327,"0.00","207.17","2943","10:53:00"
2373341,"0.00","207.73","2442","10:54:00"
2373363,"0.00","208.20","2315","10:55:00"
2373381,"0.00","208.88","2049","10:56:00"
2373397,"0.00","209.79","1884","10:57:00"
2373415,"0.00","209.65","1832","10:58:00"
2373436,"0.00","210.72","1845","10:59:00"
2373453,"0.00","212.07","1687","11:00:00"
2373473,"0.00","210.43","1690","11:01:00"
2373492,"0.00","210.94","1599","11:02:00"
2373508,"0.00","210.68","1557","11:03:00"
2373529,"0.00","210.62","1767","11:04:00"
2373544,"0.00","211.64","2418","11:05:00"
2373565,"0.00","212.01","2875","11:06:00"
2373582,"0.00","212.02","3294","11:07:00"
2373603,"0.00","212.57","4031","11:08:00"
2373620,"0.00","211.58","4560","11:09:00"
2373639,"0.00","213.87","4565","11:10:00"
2373654,"0.00","214.88","4944","11:11:00"
2373673,"0.00","214.25","5523","11:12:00"
2373692,"0.00","213.59","5647","11:13:00"
2373706,"0.00","212.58","5009","11:14:00"
2373728,"0.00","212.56","5460","11:15:00"
"-","-","-","7524","11:16"
2373763,"0.00","213.46","7804","11:17:00"
2373781,"0.00","212.79","8663","11:18:00"
"-","-","-","8913","11:19"
2373815,"0.00","214.86","9050","11:20:00"
2373835,"0.00","215.36","9275","11:21:00"
"-","-","-","9839","11:22"
2373871,"0.00","216.37","9880","11:23:00"
2373888,"0.00","217.12","8605","11:24:00"
2373906,"0.00","217.46","9373","11:25:00"
2373923,"0.00","217.01","7140","11:26:00"
2373943,"0.00","217.56","6380","11:27:00"
2373961,"0.00","218.48","6405","11:28:00"
2373979,"0.00","217.83","5113","11:29:00"
2373999,"0.00","217.76","4721","11:30:00"
2374016,"0.00","219.15","6509","11:31:00"
2374034,"0.00","218.90","6995","11:32:00"
2374056,"0.00","219.97","7679","11:33:00"
2374072,"0.00","219.97","7339","11:34:00"
2374089,"0.00","220.09","6594","11:35:00"
2374109,"0.00","218.37","6170","11:36:00"
2374129,"0.00","219.44","6725","11:37:00"
2374147,"0.00","218.32","5282","11:38:00"
2374163,"0.00","219.61","5405","11:39:00"
2374183,"0.00","219.08","6125","11:40:00"
2374201,"0.00","219.87","5069","11:41:00"
2374217,"0.00","219.84","6227","11:42:00"
2374237,"0.00","219.84","5975","11:43:00"
2374254,"0.00","219.44","6167","11:44:00"
2374273,"0.00","219.22","6062","11:45:00"
2374293,"0.00","219.77","7484","11:46:00"
2374313,"0.00","221.49","7721","11:47:00"
2374331,"0.00","220.65","5990","11:48:00"
2374352,"0.00","221.36","5870","11:49:00"
2374371,"0.00","222.25","6424","11:50:00"
2374388,"0.00","221.27","6468","11:51:00"
2374406,"0.00","220.75","6264","11:52:00"
"-","-","-","5804","11:53"
2374442,"0.00","220.01","5596","11:54:00"
2374462,"0.00","219.40","5455","11:55:00"
"-","-","-","5419","11:56"
2374497,"0.00","221.54","5483","11:57:00"
2374519,"0.00","223.86","5700","11:58:00"
2374534,"0.00","222.85","6207","11:59:00"
2374555,"0.00","219.60","6619","12:00:00"
2374573,"0.00","219.84","6859","12:01:00"
2374591,"0.00","220.24","6888","12:02:00"
2374612,"0.00","221.57","7000","12:03:00"
2374629,"0.00","221.60","7146","12:04:00"
2374650,"0.00","219.82","7445","12:05:00"
2374670,"0.00","219.28","7653","12:06:00"
2374686,"0.00","219.88","7891","12:07:00"
2374704,"0.00","220.48","8160","12:08:00"
2374722,"0.00","220.50","8222","12:09:00"
2374740,"0.00","220.85","8239","12:10:00"
2374759,"0.00","219.88","8213","12:11:00"
2374779,"0.00","220.57","8130","12:12:00"
2374796,"0.00","221.27","8113","12:13:00"
2374814,"0.00","220.87","8158","12:14:00"
2374834,"0.00","221.64","8334","12:15:00"
2374851,"0.00","222.84","8526","12:16:00"
2374872,"0.00","222.75","8369","12:17:00"
"-","-","-","8107","12:18"
2374907,"0.00","224.48","7910","12:19:00"
2374928,"0.00","223.22","7784","12:20:00"
"-","-","-","7784","12:21"
2374964,"0.00","224.10","7897","12:22:00"
2374983,"0.00","223.98","8174","12:23:00"
2375000,"0.00","223.88","8594","12:24:00"
2375020,"0.00","224.85","9058","12:25:00"
2375041,"0.00","225.91","9590","12:26:00"
2375059,"0.00","224.37","10316","12:27:00"
2375078,"0.00","224.08","11778","12:28:00"
2375098,"0.00","222.73","13900","12:29:00"
2375115,"0.00","223.42","7845","12:30:00"
2375134,"0.00","223.64","9065","12:31:00"
2375155,"0.00","223.76","7914","12:32:00"
2375174,"0.00","223.88","7357","12:33:00"
2375193,"0.00","224.32","6964","12:34:00"
2375210,"0.00","223.99","6783","12:35:00"
2375228,"0.00","223.77","6736","12:36:00"
2375248,"0.00","224.18","6798","12:37:00"
"-","-","-","6914","12:38"
2375285,"0.00","222.75","7084","12:39:00"
2375304,"0.00","223.70","7328","12:40:00"
"-","-","-","7624","12:41"
2375340,"0.00","223.90","8361","12:42:00"
2375360,"0.00","223.97","8780","12:43:00"
2375377,"0.00","224.02","9090","12:44:00"
2375397,"0.00","223.55","9492","12:45:00"
2375417,"0.00","221.98","9237","12:46:00"
2375434,"0.00","223.42","8955","12:47:00"
2375454,"0.00","222.48","8880","12:48:00"
2375473,"0.00","224.48","11548","12:49:00"
2375489,"0.00","222.84","8625","12:50:00"
2375508,"0.00","221.33","8296","12:51:00"
2375527,"0.00","221.03","8059","12:52:00"
2375545,"0.00","220.89","7557","12:53:00"
2375564,"0.00","221.21","7111","12:54:00"
2375582,"0.00","220.36","6739","12:55:00"
2375601,"0.00","219.99","6458","12:56:00"
2375619,"0.00","220.10","6254","12:57:00"
2375639,"0.00","220.68","6106","12:58:00"
2375656,"0.00","220.92","6043","12:59:00"
2375673,"0.00","221.85","6034","13:00:00"
2375692,"0.00","225.19","6048","13:01:00"
2375709,"0.00","224.86","6131","13:02:00"
2375728,"0.00","223.66","6239","13:03:00"
2375746,"0.00","223.90","6379","13:04:00"
2375767,"0.00","222.58","6561","13:05:00"
2375784,"0.00","221.54","6797","13:06:00"
2375802,"0.00","223.36","7134","13:07:00"
2375822,"0.00","225.77","7909","13:08:00"
2375840,"0.00","225.23","8915","13:09:00"
2375860,"0.00","224.97","8640","13:10:00"
2375879,"0.00","225.43","8837","13:11:00"
2375897,"0.00","225.49","8903","13:12:00"
2375915,"0.00","225.25","8962","13:13:00"
2375934,"0.00","224.32","9210","13:14:00"
2375955,"0.00","224.42","9944","13:15:00"
2375971,"0.00","224.90","11738","13:16:00"
2375991,"0.00","224.15","14880","13:17:00"
2376008,"0.00","223.22","13334","13:18:00"
2376028,"0.00","224.92","12047","13:19:00"
2376048,"0.00","224.09","10493","13:20:00"
2376062,"0.00","224.12","9759","13:21:00"
2376086,"0.00","225.05","9079","13:22:00"
2376102,"0.00","226.00","8579","13:23:00"
2376122,"0.00","227.82","8085","13:24:00"
2376135,"0.00","225.80","7677","13:25:00"
2376158,"0.00","223.92","7421","13:26:00"
2376173,"0.00","223.95","7285","13:27:00"
"-","-","-","7162","13:28"
2376212,"0.00","222.65","6983","13:29:00"
2376231,"0.00","222.13","6839","13:30:00"
2376247,"0.00","221.56","6725","13:31:00"
2376267,"0.00","220.97","6596","13:32:00"
2376287,"0.00","220.84","6463","13:33:00"
2376303,"0.00","220.05","6427","13:34:00"
2376323,"0.00","218.76","6434","13:35:00"
2376343,"0.00","217.11","6497","13:36:00"
2376358,"0.00","217.65","6531","13:37:00"
2376378,"0.00","217.32","-","13:38:00"
2376400,"0.00","216.97","6532","13:39:00"
2376418,"0.00","217.79","6475","13:40:00"
2376434,"0.00","217.02","6436","13:41:00"
2376455,"0.00","217.78","6489","13:42:00"
2376473,"0.00","217.49","6655","13:43:00"
2376491,"0.00","217.21","6899","13:44:00"
2376510,"0.00","215.19","6954","13:45:00"
2376529,"0.00","215.21","6792","13:46:00"
2376547,"0.00","214.84","5916","13:47:00"
2376568,"0.00","215.78","4575","13:48:00"
2376585,"0.00","215.71","3119","13:49:00"
2376608,"0.00","213.06","2188","13:50:00"
2376622,"0.00","212.91","1919","13:51:00"
2376642,"0.00","214.25","1916","13:52:00"
2376663,"0.00","213.58","2106","13:53:00"
2376682,"0.00","213.09","2285","13:54:00"
2376701,"0.00","212.10","2334","13:55:00"
2376721,"0.00","212.39","2601","13:56:00"
2376737,"0.00","213.30","2677","13:57:00"
2376756,"0.00","215.07","2640","13:58:00"
2376775,"0.00","217.24","2740","13:59:00"
2376790,"0.00","216.06","3125","14:00:00"
2376813,"0.00","215.51","3778","14:01:00"
2376832,"0.00","215.58","4570","14:02:00"
2376851,"0.00","215.56","5233","14:03:00"
2376869,"0.00","215.05","5595","14:04:00"
2376889,"0.00","214.80","5774","14:05:00"
2376909,"0.00","213.30","5714","14:06:00"
2376927,"0.00","215.02","5690","14:07:00"
2376946,"0.00","215.58","5602","14:08:00"
2376964,"0.00","215.02","5441","14:09:00"
2376986,"0.00","214.85","5240","14:10:00"
2377001,"0.00","215.03","4960","14:11:00"
2377022,"0.00","215.40","4538","14:12:00"
2377042,"0.00","215.47","4039","14:13:00"
2377059,"0.00","215.12","3649","14:14:00"
2377080,"0.00","213.71","3449","14:15:00"
2377097,"0.00","214.08","3415","14:16:00"
2377116,"0.00","214.69","3534","14:17:00"
2377134,"0.00","212.77","3766","14:18:00"
2377149,"0.00","212.51","4048","14:19:00"
2377170,"0.00","213.17","4354","14:20:00"
2377190,"0.00","210.31","4603","14:21:00"
"-","-","-","4735","14:22"
2377229,"0.00","210.05","4565","14:23:00"
2377245,"0.00","208.73","4365","14:24:00"
"-","-","-","4234","14:25"
2377285,"0.00","206.13","4348","14:26:00"
2377301,"0.00","209.24","4774","14:27:00"
2377319,"0.00","208.91","5300","14:28:00"
2377339,"0.00","206.94","5751","14:29:00"
2377359,"0.00","204.96","5621","14:30:00"
2377377,"0.00","203.19","5495","14:31:00"
2377397,"0.00","200.44","5369","14:32:00"
2377415,"0.00","201.27","4930","14:33:00"
2377435,"0.00","199.87","4672","14:34:00"
2377455,"0.00","198.99","3496","14:35:00"
2377474,"0.00","198.33","2329","14:36:00"
2377491,"0.00","197.78","1789","14:37:00"
2377510,"0.00","192.35","1684","14:38:00"
"-","-","-","2110","14:39"
2377546,"0.00","192.63","2268","14:40:00"
2377566,"0.00","193.80","2437","14:41:00"
2377584,"0.00","194.05","2645","14:42:00"
2377602,"0.00","193.42","2577","14:43:00"
2377621,"0.00","192.02","2636","14:44:00"
2377638,"0.00","192.12","3350","14:45:00"
2377657,"0.00","191.82","3843","14:46:00"
2377675,"0.00","189.28","4620","14:47:00"
2377693,"0.00","188.46","4919","14:48:00"
2377712,"0.00","189.35","4570","14:49:00"
2377732,"0.00","189.25","4974","14:50:00"
2377748,"0.00","189.32","5617","14:51:00"
2377767,"0.00","190.44","6294","14:52:00"
"-","-","-","6411","14:53"
2377804,"0.00","189.50","6373","14:54:00"
2377824,"0.00","190.11","6058","14:55:00"
"-","-","-","6250","14:56"
2377859,"0.00","189.92","6720","14:57:00"
2377882,"0.00","190.05","7312","14:58:00"
2377898,"0.00","190.12","7740","14:59:00"
2377919,"0.00","188.93","8000","15:00:00"
2377936,"0.00","188.05","7824","15:01:00"
2377954,"0.00","187.07","7547","15:02:00"
2377972,"0.00","189.17","7725","15:03:00"
2377992,"0.00","187.69","7959","15:04:00"
2378008,"0.00","189.65","8443","15:05:00"
2378027,"0.00","189.19","8558","15:06:00"
2378047,"0.00","190.38","8442","15:07:00"
2378065,"0.00","188.74","8285","15:08:00"
2378085,"0.00","187.29","8197","15:09:00"
2378104,"0.00","186.79","8225","15:10:00"
2378124,"0.00","184.29","8389","15:11:00"
2378144,"0.00","185.28","8543","15:12:00"
2378163,"0.00","184.71","8304","15:13:00"
2378181,"0.00","184.04","7734","15:14:00"
2378200,"0.00","182.32","6993","15:15:00"
"-","-","-","7240","15:16"
2378238,"0.00","183.47","7736","15:17:00"
2378256,"0.00","184.78","7938","15:18:00"
"-","-","-","8124","15:19"
2378293,"0.00","182.72","8363","15:20:00"
2378313,"0.00","183.09","8755","15:21:00"
"-","-","-","8801","15:22"
2378349,"0.00","182.80","8575","15:23:00"
2378369,"0.00","182.88","8635","15:24:00"
2378388,"0.00","183.36","8968","15:25:00"
2378405,"0.00","183.01","8578","15:26:00"
2378425,"0.00","183.50","8277","15:27:00"
2378444,"0.00","183.49","8001","15:28:00"
2378462,"0.00","184.77","7388","15:29:00"
2378480,"0.00","185.10","7106","15:30:00"
2378499,"0.00","185.30","7326","15:31:00"
2378519,"0.00","186.15","7134","15:32:00"
2378537,"0.00","187.48","7250","15:33:00"
2378556,"0.00","188.42","7371","15:34:00"
2378577,"0.00","189.21","7219","15:35:00"
2378594,"0.00","189.41","6777","15:36:00"
2378613,"0.00","189.12","6401","15:37:00"
2378633,"0.00","189.05","5975","15:38:00"
2378648,"0.00","188.69","5868","15:39:00"
2378667,"0.00","186.03","5439","15:40:00"
2378686,"0.00","187.99","5180","15:41:00"
2378706,"0.00","187.11","5240","15:42:00"
2378726,"0.00","187.12","5628","15:43:00"
2378743,"0.00","184.71","5369","15:44:00"
2378764,"0.00","186.80","5535","15:45:00"
2378783,"0.00","187.57","5414","15:46:00"
2378801,"0.00","186.31","4881","15:47:00"
2378821,"0.00","186.58","4471","15:48:00"
2378842,"0.00","188.21","4523","15:49:00"
2378857,"0.00","187.58","5067","15:50:00"
2378878,"0.00","187.58","5766","15:51:00"
"-","-","-","6301","15:52"
2378914,"0.00","188.62","7029","15:53:00"
2378931,"0.00","188.24","7567","15:54:00"
2378950,"0.00","189.09","7583","15:55:00"
2378968,"0.00","189.02","7858","15:56:00"
2378989,"0.00","189.65","7023","15:57:00"
2379005,"0.00","190.51","7154","15:58:00"
2379025,"0.00","190.82","7068","15:59:00"
2379046,"0.00","190.74","6880","16:00:00"
2379063,"0.00","190.05","7960","16:01:00"
2379083,"0.00","188.70","6044","16:02:00"
2379105,"0.00","188.14","5527","16:03:00"
2379121,"0.00","187.29","4857","16:04:00"
2379139,"0.00","188.04","4219","16:05:00"
"-","-","-","4086","16:06"
2379180,"0.00","187.41","4126","16:07:00"
2379197,"0.00","187.31","3509","16:08:00"
2379217,"0.00","186.03","2912","16:09:00"
2379235,"0.00","186.95","2585","16:10:00"
2379254,"0.00","186.16","2503","16:11:00"
2379274,"0.00","187.25","2520","16:12:00"
2379288,"0.00","187.94","2609","16:13:00"
2379310,"0.00","186.78","2628","16:14:00"
2379326,"0.00","186.37","2377","16:15:00"
2379346,"0.00","185.14","2108","16:16:00"
2379369,"0.00","185.74","2032","16:17:00"
2379384,"0.00","185.85","2173","16:18:00"
2379405,"0.00","185.00","2501","16:19:00"
"-","-","-","2867","16:20"
2379441,"0.00","186.84","2793","16:21:00"
2379461,"0.00","185.57","2750","16:22:00"
2379479,"0.00","185.57","2789","16:23:00"
2379499,"0.00","185.35","2899","16:24:00"
2379516,"0.00","184.90","2962","16:25:00"
2379533,"0.00","185.52","2977","16:26:00"
2379552,"0.00","184.75","3020","16:27:00"
2379573,"0.00","184.91","2950","16:28:00"
2379590,"0.00","185.27","2986","16:29:00"
2379609,"0.00","184.76","3366","16:30:00"
2379628,"0.00","183.87","4380","16:31:00"
2379646,"0.00","182.43","5482","16:32:00"
2379668,"0.00","183.38","6653","16:33:00"
2379685,"0.00","182.12","6537","16:34:00"
2379703,"0.00","183.24","6639","16:35:00"
2379724,"0.00","184.18","6668","16:36:00"
2379741,"0.00","182.41","6826","16:37:00"
2379760,"0.00","183.27","6163","16:38:00"
2379779,"0.00","185.75","5825","16:39:00"
"-","-","-","5710","16:40"
2379814,"0.00","185.23","5276","16:41:00"
2379834,"0.00","185.17","5192","16:42:00"
2379851,"0.00","185.84","5101","16:43:00"
2379873,"0.00","185.11","5035","16:44:00"
2379889,"0.00","186.32","5125","16:45:00"
2379906,"0.00","185.70","5081","16:46:00"
2379926,"0.00","185.86","4645","16:47:00"
2379947,"0.00","184.91","4409","16:48:00"
2379964,"0.00","185.45","4266","16:49:00"
2379984,"0.00","185.73","4070","16:50:00"
2380004,"0.00","185.66","3856","16:51:00"
2380021,"0.00","184.78","3639","16:52:00"
2380041,"0.00","186.74","3444","16:53:00"
2380059,"0.00","184.84","3278","16:54:00"
2380077,"0.00","187.03","3139","16:55:00"
2380100,"0.00","185.74","3029","16:56:00"
2380117,"0.00","184.64","2959","16:57:00"
2380136,"0.00","184.80","2929","16:58:00"
2380153,"0.00","184.42","2928","16:59:00"
2380173,"0.00","185.62","2936","17:00:00"
2380191,"0.00","185.68","2947","17:01:00"
2380210,"0.00","185.81","2979","17:02:00"
2380230,"0.00","186.34","3014","17:03:00"
2380247,"0.00","185.46","3069","17:04:00"
2380268,"0.00","186.41","3157","17:05:00"
2380284,"0.00","185.75","3264","17:06:00"
2380305,"0.00","184.96","3381","17:07:00"
2380319,"0.00","185.79","3524","17:08:00"
2380341,"0.00","185.46","3714","17:09:00"
2380359,"0.00","186.25","3819","17:10:00"
2380379,"0.00","184.91","3929","17:11:00"
2380398,"0.00","184.79","4076","17:12:00"
2380419,"0.00","185.52","4342","17:13:00"
2380438,"0.00","186.48","4397","17:14:00"
2380456,"0.00","187.29","4383","17:15:00"
2380477,"0.00","187.25","4278","17:16:00"
2380495,"0.00","186.16","4295","17:17:00"
2380513,"0.00","187.69","4249","17:18:00"
2380534,"0.00","187.03","4279","17:19:00"
2380550,"0.00","187.09","4316","17:20:00"
2380570,"0.00","187.64","4298","17:21:00"
"-","-","-","4176","17:22"
2380606,"0.00","189.43","4035","17:23:00"
2380626,"0.00","190.01","3917","17:24:00"
2380642,"0.00","192.24","3843","17:25:00"
2380663,"0.00","193.40","3844","17:26:00"
2380681,"0.00","192.72","3874","17:27:00"
2380702,"0.00","193.07","3929","17:28:00"
2380721,"0.00","194.33","3944","17:29:00"
2380743,"0.00","194.15","3929","17:30:00"
2380759,"0.00","194.33","3931","17:31:00"
2380780,"0.00","195.60","3908","17:32:00"
2380800,"0.00","191.17","3885","17:33:00"
2380814,"0.00","190.34","3778","17:34:00"
2380836,"0.00","188.95","3757","17:35:00"
2380854,"0.00","190.74","3739","17:36:00"
2380873,"0.00","192.62","3696","17:37:00"
2380893,"0.00","189.94","3601","17:38:00"
2380912,"0.00","190.76","3488","17:39:00"
2380929,"0.00","194.09","3382","17:40:00"
2380950,"0.00","194.14","3351","17:41:00"
2380966,"0.00","194.39","3398","17:42:00"
2380985,"0.00","193.83","3513","17:43:00"
2381002,"0.00","195.59","3600","17:44:00"
2381020,"0.00","196.03","-","17:45:00"
2381041,"0.00","195.29","3687","17:46:00"
2381055,"0.00","197.20","3753","17:47:00"
2381071,"0.00","198.11","3490","17:48:00"
2381092,"0.00","197.93","3354","17:49:00"
2381111,"0.00","199.29","3307","17:50:00"
2381129,"0.00","200.03","3219","17:51:00"
2381147,"0.00","199.85","3045","17:52:00"
2381166,"0.00","200.50","3060","17:53:00"
2381185,"0.00","200.67","3008","17:54:00"
2381208,"0.00","201.17","2980","17:55:00"
2381226,"0.00","201.16","2850","17:56:00"
2381245,"0.00","203.33","2747","17:57:00"
2381268,"0.00","203.81","2651","17:58:00"
2381285,"0.00","201.91","2565","17:59:00"
2381304,"0.00","202.37","2466","18:00:00"
2381322,"0.00","202.71","2398","18:01:00"
2381343,"0.00","202.14","2343","18:02:00"
2381359,"0.00","200.01","2302","18:03:00"
2381381,"0.00","199.74","2257","18:04:00"
"-","-","-","2245","18:05"
2381415,"0.00","198.01","2193","18:06:00"
2381436,"0.00","197.68","2134","18:07:00"
2381452,"0.00","198.75","2085","18:08:00"
2381474,"0.00","197.88","2044","18:09:00"
2381494,"0.00","199.26","2009","18:10:00"
2381510,"0.00","198.31","1981","18:11:00"
2381530,"0.00","198.85","1931","18:12:00"
2381549,"0.00","198.38","1863","18:13:00"
2381567,"0.00","198.51","1797","18:14:00"
2381587,"0.00","198.30","1749","18:15:00"
2381608,"0.00","197.52","1709","18:16:00"
2381624,"0.00","196.95","1676","18:17:00"
2381646,"0.00","197.60","1648","18:18:00"
2381666,"0.00","198.77","1627","18:19:00"
2381679,"0.00","200.60","1606","18:20:00"
2381699,"0.00","199.80","1581","18:21:00"
2381717,"0.00","200.42","1536","18:22:00"
2381735,"0.00","199.89","1499","18:23:00"
2381753,"0.00","199.66","1473","18:24:00"
2381771,"0.00","201.82","1460","18:25:00"
2381791,"0.00","202.34","1461","18:26:00"
2381810,"0.00","201.66","1472","18:27:00"
2381826,"0.00","203.21","1488","18:28:00"
2381848,"0.00","202.71","1500","18:29:00"
2381868,"0.00","202.75","1503","18:30:00"
2381883,"0.00","205.00","1499","18:31:00"
2381905,"0.00","205.00","1490","18:32:00"
2381921,"0.00","205.95","1475","18:33:00"
2381940,"0.00","207.67","1455","18:34:00"
2381962,"0.00","207.50","1434","18:35:00"
2381979,"0.00","209.92","1416","18:36:00"
2381999,"0.00","208.77","1398","18:37:00"
2382019,"0.00","210.19","1381","18:38:00"
2382037,"0.00","206.35","1357","18:39:00"
2382056,"0.00","206.02","1327","18:40:00"
2382074,"0.00","205.22","1290","18:41:00"
2382091,"0.00","206.93","1248","18:42:00"
2382112,"0.00","207.82","1205","18:43:00"
"-","-","-","1165","18:44"
2382150,"0.00","205.46","1125","18:45:00"
2382167,"0.00","205.86","1089","18:46:00"
"-","-","-","1056","18:47"
2382206,"0.00","208.29","1033","18:48:00"
2382224,"0.00","208.25","1016","18:49:00"
2382243,"0.00","208.61","1007","18:50:00"
2382260,"0.00","207.28","1003","18:51:00"
2382279,"0.00","208.47","998","18:52:00"
2382297,"0.00","207.00","987","18:53:00"
2382318,"0.00","206.55","970","18:54:00"
2382337,"0.00","207.10","949","18:55:00"
2382354,"0.00","207.74","925","18:56:00"
2382373,"0.00","206.79","896","18:57:00"
2382394,"0.00","206.94","862","18:58:00"
2382407,"0.00","207.54","827","18:59:00"
2382428,"0.00","206.35","796","19:00:00"
2382446,"0.00","206.39","760","19:01:00"
2382467,"0.00","206.70","724","19:02:00"
"-","-","-","689","19:03"
2382502,"0.00","209.24","653","19:04:00"
2382523,"0.00","210.22","620","19:05:00"
2382539,"0.00","211.23","589","19:06:00"
2382559,"0.00","213.26","560","19:07:00"
2382577,"0.00","210.45","530","19:08:00"
2382595,"0.00","210.76","503","19:09:00"
2382613,"0.00","210.36","477","19:10:00"
2382633,"0.00","210.82","453","19:11:00"
2382651,"0.00","210.17","429","19:12:00"
2382667,"0.00","211.27","409","19:13:00"
2382685,"0.00","209.96","390","19:14:00"
2382704,"0.00","211.17","374","19:15:00"
2382728,"0.00","212.30","360","19:16:00"
2382746,"0.00","212.86","345","19:17:00"
2382767,"0.00","212.62","330","19:18:00"
2382787,"0.00","211.74","314","19:19:00"
2382805,"0.00","212.66","296","19:20:00"
2382825,"0.00","213.63","279","19:21:00"
2382843,"0.00","212.05","260","19:22:00"
2382858,"0.00","213.38","239","19:23:00"
2382878,"0.00","213.06","222","19:24:00"
2382897,"0.00","214.53","207","19:25:00"
2382913,"0.00","214.69","190","19:26:00"
2382933,"0.00","215.80","175","19:27:00"
2382953,"0.00","216.75","160","19:28:00"
2382971,"0.00","214.34","148","19:29:00"
2382992,"0.00","216.35","135","19:30:00"
2383010,"0.00","215.70","124","19:31:00"
2383029,"0.00","215.43","114","19:32:00"
2383049,"0.00","216.05","106","19:33:00"
"-","-","-","96","19:34"
2383083,"0.00","217.33","89","19:35:00"
2383102,"0.00","217.56","81","19:36:00"
2383120,"0.00","217.08","75","19:37:00"
2383140,"0.00","217.03","68","19:38:00"
2383159,"0.00","219.11","62","19:39:00"
2383177,"0.00","219.01","57","19:40:00"
2383195,"0.00","219.18","53","19:41:00"
2383217,"0.00","219.00","49","19:42:00"
2383234,"0.00","218.89","45","19:43:00"
2383254,"0.00","220.58","40","19:44:00"
2383272,"0.00","219.41","36","19:45:00"
2383290,"0.00","220.36","33","19:46:00"
2383308,"0.00","220.16","29","19:47:00"
"-","-","-","24","19:48"
2383346,"0.00","225.19","20","19:49:00"
2383366,"0.00","223.62","18","19:50:00"
2383384,"0.00","223.88","16","19:51:00"
2383405,"0.00","223.10","14","19:52:00"
2383421,"0.00","223.66","13","19:53:00"
2383438,"0.00","223.40","11","19:54:00"
2383458,"0.00","222.98","10","19:55:00"
2383477,"0.00","224.16","10","19:56:00"
2383494,"0.00","225.15","7","19:57:00"
2383513,"0.00","224.94","5","19:58:00"
"-","-","-","4","19:59"
2383548,"0.00","225.28","3","20:00:00"
2383569,"0.00","224.35","2","20:01:00"
"-","-","-","2","20:02"
2383603,"0.00","224.67","1","20:03:00"
2383623,"0.00","225.32","1","20:04:00"
"-","-","-","1","20:05"
2383658,"0.00","224.88","0","20:06:00"
2383677,"0.00","226.44","0","20:07:00"
2383692,"0.00","224.87","0","20:08:00"
2383712,"0.00","225.65","0","20:09:00"
2383733,"0.00","225.93","0","20:10:00"
2383751,"0.00","226.72","0","20:11:00"
2383771,"0.00","227.82","0","20:12:00"
2383792,"0.00","228.45","0","20:13:00"
2383811,"0.00","228.00","0","20:14:00"
2383831,"0.00","227.06","0","20:15:00"
"-","-","-","0","20:16"
2383867,"0.00","227.93","0","20:17:00"
2383885,"0.00","228.83","0","20:18:00"
"-","-","-","0","20:19"
2383921,"0.00","229.44","0","20:20:00"
2383940,"0.00","228.59","0","20:21:00"
2383958,"0.00","228.47","0","20:22:00"
2383977,"0.00","228.38","0","20:23:00"
2383994,"0.00","229.42","0","20:24:00"
2384013,"0.00","228.63","0","20:25:00"
2384034,"0.00","229.33","0","20:26:00"
2384048,"0.00","228.68","0","20:27:00"
2384068,"0.00","229.53","0","20:28:00"
2384086,"0.00","230.02","0","20:29:00"
2384103,"0.00","229.33","0","20:30:00"
2384123,"0.00","229.05","0","20:31:00"
2384144,"0.00","229.95","0","20:32:00"
2384162,"0.00","230.99","0","20:33:00"
2384180,"0.00","230.11","0","20:34:00"
2384201,"0.00","230.45","0","20:35:00"
2384218,"0.00","231.28","0","20:36:00"
2384237,"0.00","231.04","0","20:37:00"
2384255,"0.00","230.16","0","20:38:00"
2384274,"0.00","231.68","0","20:39:00"
2384292,"0.00","231.61","0","20:40:00"
2384312,"0.00","230.28","0","20:41:00"
2384330,"0.00","231.97","0","20:42:00"
2384352,"0.00","232.01","0","20:43:00"
2384368,"0.00","231.45","0","20:44:00"
2384387,"0.00","231.00","0","20:45:00"
2384404,"0.00","230.95","0","20:46:00"
2384421,"0.00","232.07","0","20:47:00"
2384442,"0.00","231.34","0","20:48:00"
"-","-","-","0","20:49"
2384480,"0.00","231.46","0","20:50:00"
2384499,"0.00","233.07","0","20:51:00"
"-","-","-","0","20:52"
2384533,"0.00","234.70","0","20:53:00"
2384554,"0.00","232.12","0","20:54:00"
2384570,"0.00","233.14","0","20:55:00"
2384590,"0.00","233.19","0","20:56:00"
2384607,"0.00","234.21","0","20:57:00"
2384627,"0.00","233.57","0","20:58:00"
2384646,"0.00","235.13","0","20:59:00"
2384663,"0.00","233.60","0","21:00:00"
2384684,"0.00","233.57","0","21:01:00"
2384703,"0.00","234.74","0","21:02:00"
2384720,"0.00","234.04","0","21:03:00"
2384738,"0.00","234.75","0","21:04:00"
"-","-","-","0","21:05"
2384774,"0.00","235.16","0","21:06:00"
2384792,"0.00","235.68","0","21:07:00"
"-","-","-","0","21:08"
2384829,"0.00","235.13","0","21:09:00"
2384848,"0.00","236.33","0","21:10:00"
"-","-","-","0","21:11"
2384883,"0.00","236.80","0","21:12:00"
2384904,"0.00","235.97","0","21:13:00"
2384921,"0.00","237.03","0","21:14:00"
2384943,"0.00","238.31","0","21:15:00"
2384963,"0.00","236.47","0","21:16:00"
2384980,"0.00","236.90","0","21:17:00"
2385000,"0.00","235.73","0","21:18:00"
2385020,"0.00","235.64","0","21:19:00"
2385036,"0.00","235.85","0","21:20:00"
2385055,"0.00","236.30","0","21:21:00"
2385073,"0.00","237.01","0","21:22:00"
2385091,"0.00","237.76","0","21:23:00"
2385112,"0.00","237.40","0","21:24:00"
2385132,"0.00","237.42","0","21:25:00"
2385149,"0.00","237.55","0","21:26:00"
2385169,"0.00","237.13","0","21:27:00"
2385187,"0.00","237.13","0","21:28:00"
2385207,"0.00","237.13","0","21:29:00"
2385226,"0.00","236.00","0","21:30:00"
2385243,"0.00","238.54","0","21:31:00"
2385262,"0.00","238.20","0","21:32:00"
2385282,"0.00","237.79","0","21:33:00"
2385301,"0.00","236.71","0","21:34:00"
2385318,"0.00","235.94","0","21:35:00"
2385336,"0.00","236.85","0","21:36:00"
2385355,"0.00","237.99","0","21:37:00"
2385373,"0.00","237.17","0","21:38:00"
2385391,"0.00","238.07","0","21:39:00"
2385409,"0.00","238.06","0","21:40:00"
2385429,"0.00","237.64","0","21:41:00"
2385446,"0.00","238.32","0","21:42:00"
2385465,"0.00","237.99","0","21:43:00"
2385483,"0.00","237.59","-","21:44:00"
2385500,"0.00","237.28","0","21:45:00"
2385520,"0.00","237.65","0","21:46:00"
2385538,"0.00","238.72","0","21:47:00"
2385555,"0.00","237.90","0","21:48:00"
2385575,"0.00","238.13","0","21:49:00"
2385593,"0.00","236.95","0","21:50:00"
2385613,"0.00","239.03","0","21:51:00"
"-","-","-","0","21:52"
2385650,"0.00","239.32","0","21:53:00"
2385670,"0.00","239.81","0","21:54:00"
2385685,"0.00","238.67","0","21:55:00"
2385705,"0.00","238.45","0","21:56:00"
2385724,"0.00","238.38","0","21:57:00"
2385741,"0.00","237.99","0","21:58:00"
2385761,"0.00","238.50","0","21:59:00"
"-","-","-","0","22:00"
2385798,"0.00","235.82","0","22:01:00"
2385818,"0.00","238.03","0","22:02:00"
2385832,"0.00","235.12","0","22:03:00"
2385853,"0.00","237.66","0","22:04:00"
2385872,"0.00","237.84","0","22:05:00"
2385890,"0.00","236.40","0","22:06:00"
2385911,"0.00","236.71","0","22:07:00"
2385931,"0.00","236.56","0","22:08:00"
2385951,"0.00","236.63","0","22:09:00"
2385970,"0.00","236.49","0","22:10:00"
2385991,"0.00","237.75","0","22:11:00"
2386004,"0.00","237.11","0","22:12:00"
2386024,"0.00","238.11","0","22:13:00"
2386044,"0.00","236.97","0","22:14:00"
2386063,"0.00","237.18","0","22:15:00"
2386082,"0.00","237.90","0","22:16:00"
2386101,"0.00","237.00","0","22:17:00"
2386118,"0.00","237.14","0","22:18:00"
2386137,"0.00","238.50","0","22:19:00"
2386157,"0.00","238.61","0","22:20:00"
2386173,"0.00","238.72","0","22:21:00"
2386193,"0.00","239.33","0","22:22:00"
2386212,"0.00","238.14","0","22:23:00"
2386229,"0.00","240.02","0","22:24:00"
2386250,"0.00","239.38","0","22:25:00"
"-","-","-","0","22:26"
2386287,"0.00","238.54","0","22:27:00"
2386306,"0.00","239.11","0","22:28:00"
"-","-","-","0","22:29"
2386340,"0.00","238.70","0","22:30:00"
2386359,"0.00","239.56","0","22:31:00"
"-","-","-","0","22:32"
2386395,"0.00","240.40","0","22:33:00"
2386415,"0.00","240.03","0","22:34:00"
"-","-","-","0","22:35"
2386453,"0.00","241.10","0","22:36:00"
2386470,"0.00","240.87","0","22:37:00"
2386487,"0.00","240.19","0","22:38:00"
2386507,"0.00","240.13","0","22:39:00"
2386527,"0.00","239.96","0","22:40:00"
2386546,"0.00","241.04","0","22:41:00"
2386566,"0.00","241.79","0","22:42:00"
2386583,"0.00","242.73","0","22:43:00"
2386601,"0.00","241.84","0","22:44:00"
2386618,"0.00","241.06","0","22:45:00"
2386639,"0.00","241.28","0","22:46:00"
2386654,"0.00","241.84","0","22:47:00"
2386674,"0.00","241.69","0","22:48:00"
2386693,"0.00","240.95","0","22:49:00"
2386710,"0.00","242.66","0","22:50:00"
2386731,"0.00","242.57","0","22:51:00"
2386751,"0.00","242.43","0","22:52:00"
2386768,"0.00","241.55","0","22:53:00"
2386788,"0.00","241.59","0","22:54:00"
2386803,"0.00","240.71","0","22:55:00"
2386823,"0.00","241.30","0","22:56:00"
2386843,"0.00","242.14","0","22:57:00"
2386858,"0.00","242.40","0","22:58:00"
2386876,"0.00","242.64","0","22:59:00"
2386897,"0.00","242.05","0","23:00:00"
2386914,"0.00","239.73","0","23:01:00"
2386935,"0.00","241.36","0","23:02:00"
2386953,"0.00","241.87","0","23:03:00"
2386971,"0.00","242.20","0","23:04:00"
2386990,"0.00","240.35","0","23:05:00"
2387007,"0.00","240.05","0","23:06:00"
2387026,"0.00","241.42","0","23:07:00"
2387046,"0.00","241.94","0","23:08:00"
2387066,"0.00","244.60","0","23:09:00"
2387084,"0.00","241.92","0","23:10:00"
2387100,"0.00","242.90","0","23:11:00"
2387119,"0.00","242.67","0","23:12:00"
2387138,"0.00","242.50","0","23:13:00"
2387154,"0.00","242.33","0","23:14:00"
2387175,"0.00","243.22","0","23:15:00"
2387194,"0.00","243.33","0","23:16:00"
2387213,"0.00","242.65","0","23:17:00"
2387233,"0.00","242.32","0","23:18:00"
2387252,"0.00","242.39","0","23:19:00"
2387270,"0.00","243.67","0","23:20:00"
2387289,"0.00","243.08","0","23:21:00"
"-","-","-","0","23:22"
2387323,"0.00","242.88","0","23:23:00"
2387343,"0.00","243.27","0","23:24:00"
2387360,"0.00","242.93","0","23:25:00"
2387379,"0.00","244.49","0","23:26:00"
"-","-","-","0","23:27"
2387417,"0.00","243.04","0","23:28:00"
2387436,"0.00","242.39","0","23:29:00"
"-","-","-","0","23:30"
2387472,"0.00","245.14","0","23:31:00"
2387491,"0.00","243.29","0","23:32:00"
2387508,"0.00","243.95","0","23:33:00"
2387527,"0.00","243.57","0","23:34:00"
2387546,"0.00","244.00","0","23:35:00"
2387564,"0.00","242.43","0","23:36:00"
2387581,"0.00","243.90","0","23:37:00"
"-","-","-","0","23:38"
2387619,"0.00","244.06","0","23:39:00"
2387638,"0.00","243.50","0","23:40:00"
2387656,"0.00","243.09","0","23:41:00"
2387675,"0.00","244.77","0","23:42:00"
2387694,"0.00","244.59","0","23:43:00"
2387712,"0.00","244.19","0","23:44:00"
2387733,"0.00","244.67","0","23:45:00"
"-","-","-","0","23:46"
2387768,"0.00","245.72","0","23:47:00"
2387786,"0.00","244.90","0","23:48:00"
2387801,"0.00","245.84","0","23:49:00"
2387822,"0.00","245.70","0","23:50:00"
2387841,"0.00","244.64","0","23:51:00"
2387858,"0.00","245.90","0","23:52:00"
2387877,"0.00","246.67","0","23:53:00"
2387897,"0.00","245.82","0","23:54:00"
2387915,"0.00","246.72","0","23:55:00"
2387934,"0.00","246.62","0","23:56:00"
"-","-","-","0","23:57"
2387970,"0.00","246.62","0","23:58:00"
2387989,"0.00","246.29","0","23:59:00"